period,n1,n2,n3,n4,n5,n6,n7,n8,n9,n10,n11,n12,n13,n14,n15,n16,n17,n18,n19,n20
115054608,2,5,7,8,19,20,27,28,30,32,34,35,48,50,52,57,59,60,76,79
115054609,8,10,13,15,17,20,24,28,29,36,41,42,47,48,56,60,61,64,74,75
115054610,1,2,10,15,20,21,22,24,28,30,36,41,44,52,56,61,63,64,73,75
115054611,3,5,9,11,13,17,18,26,34,37,40,42,45,52,55,64,71,74,76,80
115054612,2,7,15,16,24,25,26,31,45,49,50,52,53,59,60,65,68,74,76,77
115054613,3,5,9,10,15,20,21,28,38,39,41,42,50,53,54,58,66,70,75,80
115054614,6,11,13,16,20,21,22,25,36,37,41,54,55,60,61,71,72,73,74,77
115054615,1,2,6,7,14,15,18,23,26,28,36,41,44,46,47,55,59,61,67,74
115054616,6,13,15,17,19,29,30,33,35,38,44,47,48,54,56,59,66,68,71,77
115054617,3,8,17,18,19,20,28,30,33,34,37,42,44,49,53,57,58,66,67,78
115054618,2,6,8,13,23,27,29,31,34,48,49,55,56,58,61,66,68,73,74,77
115054619,5,9,10,16,17,18,22,23,25,28,33,35,46,49,53,56,61,62,69,74
115054620,6,11,12,14,24,34,41,47,50,52,53,57,62,63,66,70,72,76,79,80
115054621,5,6,17,23,26,31,32,33,35,56,57,59,62,64,68,69,70,71,78,79
115054622,9,12,14,15,16,20,32,38,39,40,47,50,54,59,61,68,69,73,74,77
115054623,12,14,15,20,25,29,31,35,42,44,47,51,61,62,69,71,72,77,78,80
115054624,1,2,8,10,13,21,25,36,39,47,56,60,61,65,66,68,69,73,77,79
115054625,3,5,12,15,16,19,27,38,42,46,49,52,54,55,57,59,66,68,69,70
115054626,2,4,8,9,12,13,14,18,20,26,34,41,42,49,50,54,58,65,66,75
115054627,2,5,6,8,9,16,19,21,24,26,33,39,44,49,60,65,70,71,74,80
115054628,9,10,16,17,18,19,33,40,46,51,53,54,56,59,61,63,65,69,71,75
115054629,1,2,13,14,20,27,30,35,42,44,45,50,54,55,61,64,66,68,73,77
115054630,2,12,18,26,27,35,36,38,39,42,44,47,56,57,58,66,67,71,72,79
115054631,4,6,7,8,11,12,18,20,24,45,47,53,58,59,60,63,66,69,72,73
115054632,4,19,20,24,25,26,39,43,45,49,50,56,57,61,67,70,73,74,77,78
115054633,8,14,19,27,36,40,41,42,43,48,56,58,59,60,61,67,70,73,78,79
115054634,1,8,17,20,21,23,24,28,30,31,33,34,40,51,55,70,71,72,78,79
115054635,5,13,14,16,34,38,39,40,45,49,50,60,62,67,69,71,72,74,76,79
115054636,2,4,5,11,26,28,30,32,33,37,41,47,48,49,55,59,64,70,72,76
115054637,2,3,7,10,23,24,32,37,38,42,48,50,52,62,64,65,68,71,76,80
115054638,1,2,6,12,14,16,17,20,22,27,32,38,52,55,61,62,73,75,77,79
115054639,3,6,9,12,14,16,18,22,24,27,35,36,37,41,46,47,66,71,76,78
115054640,3,5,6,16,18,19,20,32,44,45,50,53,60,65,67,68,69,70,72,80
115054641,1,3,5,11,13,15,23,27,29,31,32,34,37,39,40,49,54,58,71,79
115054642,2,8,14,16,17,20,25,29,32,33,34,36,37,38,39,40,41,44,67,78
115054643,1,10,11,17,20,27,28,31,45,49,52,53,54,58,62,64,67,72,77,78
115054644,6,8,10,15,18,19,22,27,38,44,45,54,56,57,58,61,62,69,71,74
115054645,1,3,5,7,18,19,29,34,35,36,39,51,53,67,68,69,71,73,76,77
115054646,7,9,22,23,24,25,26,35,41,46,48,52,55,56,68,69,71,73,75,76
115054647,5,6,13,15,17,18,22,26,30,33,34,35,41,42,54,55,57,62,72,80
115054648,1,2,3,5,17,21,28,30,36,38,46,52,57,58,65,67,71,75,78,80
115054649,2,4,7,10,18,23,30,36,38,40,43,50,52,57,65,66,67,68,72,73
115054650,2,5,14,20,28,31,34,35,36,38,39,47,48,55,61,70,75,76,77,79
115054651,1,16,17,19,20,23,27,33,34,38,39,43,44,45,50,55,57,58,71,78
115054652,3,4,6,7,10,13,16,19,20,25,32,34,35,52,54,64,66,74,75,79
115054653,2,4,5,13,18,25,28,30,35,37,40,45,47,57,60,62,64,72,75,77
115054654,3,4,9,11,12,16,22,27,29,34,41,42,46,48,49,52,55,62,66,68
115054655,4,5,6,8,12,27,34,38,39,44,45,47,50,53,54,60,63,70,72,78
115054656,9,11,15,16,17,21,23,24,26,33,34,35,36,53,58,67,74,76,77,79
115054657,5,7,11,22,23,25,32,41,45,46,47,51,53,56,57,59,64,69,70,77
115054658,1,4,7,15,16,22,25,28,30,31,46,47,54,56,60,70,71,72,76,78
115054659,8,14,16,17,21,22,23,24,30,37,48,50,52,53,55,58,60,72,78,80
115054660,4,5,6,9,13,23,32,35,38,39,42,46,49,53,55,57,58,59,72,79
115054661,7,8,11,14,15,19,22,32,34,39,53,54,55,59,61,62,65,67,73,80
115054662,1,3,4,9,12,14,20,21,22,23,27,30,31,32,40,46,55,58,73,74
115054663,2,7,11,16,18,20,24,26,30,33,34,36,38,47,67,68,71,76,78,79
115054664,4,17,18,20,26,27,28,33,36,41,53,57,63,69,71,73,74,75,76,77
115054665,4,7,10,15,18,21,27,28,35,38,44,47,49,50,55,58,62,69,73,79
115054666,2,3,5,6,16,18,20,24,26,33,40,41,42,43,44,60,66,72,74,79
115054667,3,6,14,18,21,22,23,27,28,45,47,50,51,52,57,58,60,66,70,75
115054668,1,6,11,20,21,32,44,47,49,53,54,57,58,62,67,71,75,76,78,79
115054669,8,10,11,12,13,14,19,20,21,24,28,35,42,43,44,45,49,55,63,70
115054670,6,7,15,22,27,29,32,34,41,43,47,61,62,63,66,68,71,72,78,80
115054671,3,11,23,25,26,27,28,32,34,36,39,40,42,45,56,60,72,74,76,78
115054672,6,7,12,15,17,18,24,26,31,32,33,44,48,50,51,57,60,66,69,78
115054673,2,4,5,11,13,22,24,28,31,32,33,39,41,47,55,56,60,74,79,80
115054674,1,4,10,11,12,20,22,23,28,30,37,43,45,46,53,55,62,72,76,80
115054675,4,10,11,12,15,19,20,23,26,28,38,40,46,55,60,63,64,65,69,79
115054676,6,7,8,17,18,21,22,34,41,42,44,46,47,51,61,62,63,69,74,75
115054677,2,4,10,11,16,26,30,32,36,37,39,41,43,44,59,72,73,76,77,78
115054678,11,14,18,22,24,27,31,35,36,37,40,42,43,50,55,57,58,62,76,80
115054679,4,7,9,17,18,21,22,33,38,39,43,46,50,52,54,57,60,65,75,78
115054680,2,4,5,10,15,16,19,25,31,33,38,43,44,52,54,58,61,72,76,77
115054681,7,10,13,14,19,21,22,28,29,30,39,48,58,64,65,69,70,73,76,77
115054682,18,30,33,35,36,38,41,43,46,48,50,56,57,60,61,63,65,70,77,78
115054683,1,3,6,11,17,18,19,20,22,30,31,33,39,41,51,52,55,57,64,71
115054684,1,12,15,22,23,31,37,47,48,52,53,54,56,63,64,65,71,72,79,80
115054685,10,13,15,18,19,23,27,37,45,46,47,50,55,57,61,62,63,65,68,72
115054686,3,5,8,13,15,17,21,28,29,37,48,54,58,61,64,67,69,76,79,80
115054687,1,3,4,6,7,8,13,19,21,29,30,32,37,38,48,56,58,65,72,76
115054688,6,7,12,15,23,24,38,42,45,50,55,62,64,65,66,69,71,73,74,76
115054689,8,9,15,19,20,23,26,28,37,41,42,48,51,56,61,62,69,70,74,78
115054690,6,14,17,29,36,38,39,40,43,44,52,54,57,58,61,66,71,72,78,79
115054691,1,12,14,15,17,18,19,26,29,30,32,35,39,40,46,47,60,65,69,70
115054692,6,7,8,12,13,15,16,17,20,22,26,29,30,40,42,60,63,66,69,70
115054693,2,5,9,10,18,23,27,29,30,35,36,46,48,50,61,62,63,66,70,73
115054694,4,7,8,11,15,25,26,30,32,33,34,41,58,64,67,71,74,75,77,79
115054695,12,14,15,18,25,27,33,36,39,46,47,52,54,55,59,60,61,64,67,73
115054696,1,3,6,7,17,19,28,36,37,38,45,46,48,50,57,58,64,67,76,79
115054697,2,4,6,12,13,17,28,35,38,39,44,48,50,51,55,56,67,68,72,78
115054698,2,5,8,10,22,24,28,29,41,43,48,50,63,64,65,67,70,75,76,80
115054699,7,12,16,17,19,22,29,36,38,40,42,43,45,46,54,60,61,63,77,80
115054700,4,6,12,13,19,20,26,28,32,36,37,39,48,50,56,61,65,68,69,74
115054701,1,10,16,19,21,23,27,31,32,36,37,48,50,51,52,55,60,62,68,80
115054702,1,6,12,13,16,18,19,22,26,29,30,34,39,44,49,50,52,60,66,72
115054703,1,14,16,21,24,25,27,32,33,37,41,47,49,50,65,66,68,76,77,79
115054704,3,4,7,29,30,31,34,35,38,42,43,48,51,57,59,61,71,73,75,76
115054705,1,7,9,10,20,23,30,32,37,45,51,53,55,59,63,64,68,73,75,78
115054706,7,8,10,16,17,18,21,24,25,28,34,36,38,41,45,47,50,57,77,80
115054707,2,9,12,17,19,27,32,35,44,45,50,52,54,55,56,62,67,68,71,76
115054708,2,7,11,31,36,37,38,39,44,47,49,52,53,58,59,65,68,69,76,80
115054709,2,5,7,13,17,18,19,22,31,32,34,37,57,65,70,72,73,74,75,78
115054710,2,10,14,15,20,26,32,35,37,38,42,43,47,49,50,53,59,60,62,72
115054711,3,4,6,7,16,17,18,24,25,28,30,31,33,37,46,48,54,58,72,79
115054712,9,10,11,16,18,19,23,25,37,44,46,47,49,55,60,62,64,67,70,79
115054713,1,4,5,7,10,16,22,25,29,30,41,43,44,47,51,52,56,63,77,79
115054714,3,5,12,15,20,21,24,35,36,38,39,46,50,54,55,64,66,71,76,79
115054715,1,2,5,8,9,14,21,22,23,24,25,29,34,51,53,60,66,68,70,78
115054716,1,2,11,12,14,17,21,22,23,27,28,29,37,44,47,55,56,65,68,76
115054717,1,5,7,12,15,16,24,27,30,40,41,46,48,53,55,57,65,67,76,80
115054718,5,13,14,18,22,27,36,38,42,44,46,47,49,56,57,60,61,62,76,78
115054719,2,3,5,8,9,10,12,15,25,26,38,39,41,44,62,64,65,66,72,73
115054720,3,4,9,10,12,26,31,33,42,46,48,49,53,55,57,60,67,74,78,80
115054721,2,7,9,10,11,16,19,20,21,22,26,30,32,39,40,45,47,51,72,76
115054722,10,15,16,24,28,39,45,46,49,50,53,56,59,60,62,67,69,73,74,79
115054723,1,4,6,9,13,18,24,34,37,40,41,42,44,56,57,69,75,76,78,80
115054724,2,4,13,18,22,23,29,30,40,42,47,53,57,62,63,66,71,74,76,80
115054725,6,8,10,12,16,20,22,35,38,46,53,54,57,59,63,66,67,71,74,75
115054726,2,8,11,12,13,15,16,23,24,28,29,31,35,45,61,65,69,75,78,79
115054727,9,10,11,17,19,24,26,27,28,30,32,34,35,37,42,54,60,75,76,77
115054728,2,3,4,5,7,8,11,15,19,22,26,34,35,45,46,49,52,70,77,80
115054729,2,8,9,12,15,16,22,24,30,31,36,41,43,48,49,50,59,62,67,76
115054730,2,3,8,11,12,16,20,21,27,29,32,33,37,44,52,56,59,66,72,75
115054731,3,7,9,12,15,16,22,23,27,30,31,32,34,40,45,46,57,68,69,72
115054732,7,10,17,18,19,23,26,36,39,41,47,50,52,54,56,60,63,70,74,75
115054733,3,5,6,15,29,33,35,47,48,51,57,63,65,68,70,71,72,74,79,80
115054734,2,3,6,7,8,11,12,13,17,19,24,25,33,35,41,50,53,56,65,67
115054735,5,11,12,13,15,17,20,21,25,29,31,33,38,45,53,58,70,73,77,79
115054736,1,3,8,9,15,21,22,24,29,31,33,42,51,54,55,59,65,67,71,78
115054737,4,6,9,11,12,13,16,18,20,22,27,30,35,41,42,47,49,51,63,67
115054738,3,9,13,19,21,22,27,37,39,40,49,50,60,63,65,66,70,72,73,77
115054739,9,10,15,22,24,31,33,35,40,44,47,50,52,56,58,59,62,70,74,77
115054740,2,11,12,15,21,23,25,26,29,33,34,38,41,43,45,51,54,60,72,79
115054741,1,3,7,9,23,27,32,34,41,45,52,57,59,63,64,68,71,72,75,76
115054742,8,9,17,19,23,28,31,34,36,40,47,50,52,54,56,57,70,72,73,75
115054743,11,15,16,21,32,34,37,41,48,51,55,56,60,64,66,71,74,75,76,79
115054744,11,21,35,36,37,39,41,46,55,56,60,61,62,64,68,73,75,76,78,79
115054745,1,6,8,12,17,25,37,38,40,42,48,49,50,56,57,61,65,66,75,76
115054746,2,3,8,11,17,18,21,22,28,31,32,44,52,57,58,61,62,71,75,79
115054747,1,12,13,17,23,25,29,45,50,52,58,59,63,64,68,69,73,76,77,78
115054748,12,13,23,24,29,37,39,43,51,55,56,62,63,65,67,73,74,75,78,79
115054749,6,7,14,16,19,20,29,33,35,40,44,45,57,58,59,64,65,66,67,68
115054750,7,13,17,18,20,21,28,39,44,45,47,49,55,56,57,59,64,65,66,74
115054751,6,7,10,13,15,20,21,22,27,33,34,47,48,52,59,66,72,75,76,78
115054752,1,5,7,18,29,30,31,33,38,40,43,44,45,50,63,64,65,71,72,74
115054753,2,6,8,15,16,17,19,28,33,34,39,40,42,46,47,52,55,57,58,61
115054754,1,8,12,15,18,20,22,24,28,34,38,39,43,49,50,51,57,60,72,77
115054755,4,6,7,12,26,27,38,42,44,48,51,53,54,61,62,63,70,72,74,79
115054756,7,9,20,23,27,28,29,34,35,43,52,53,55,58,60,63,68,71,75,80
115054757,4,13,15,19,23,24,26,33,36,40,42,47,48,51,53,62,67,69,73,80
115054758,6,18,20,23,26,39,46,47,53,55,57,59,61,62,63,65,67,76,77,80
115054759,3,4,5,11,14,16,23,24,27,28,33,38,53,54,57,63,66,69,77,78
115054760,1,9,11,20,22,23,27,32,33,36,44,45,50,55,56,60,62,63,69,73
115054761,1,2,11,23,33,35,38,40,43,45,46,52,53,57,58,59,60,65,72,74
115054762,2,7,13,19,20,21,29,32,43,44,48,59,60,63,64,65,67,74,75,79
115054763,4,7,9,11,13,16,21,26,38,49,50,51,52,53,58,59,63,64,69,80
115054764,2,5,8,11,17,19,25,27,29,36,39,41,45,50,58,62,63,67,71,74
115054765,1,4,6,11,13,14,24,25,26,29,31,36,47,54,55,56,59,63,71,77
115054766,2,3,5,11,15,17,23,27,28,31,40,45,56,64,65,66,72,76,79,80
115054767,1,2,10,11,12,14,15,16,27,29,34,39,40,45,52,58,62,78,79,80
115054768,7,19,22,23,24,27,28,30,31,42,46,52,57,58,59,60,63,70,74,75
115054769,6,7,11,12,13,21,31,32,45,46,47,49,50,52,55,56,57,62,67,68
115054770,2,8,19,24,27,30,32,35,36,40,45,47,49,56,57,61,67,69,73,78
115054771,1,5,7,10,17,20,29,34,39,40,42,43,45,53,57,58,63,71,76,77
115054772,1,2,3,11,18,21,22,31,33,35,40,41,46,48,52,55,56,59,76,77
115054773,4,5,9,18,19,25,28,29,33,35,45,49,54,55,58,65,66,68,76,78
115054774,6,8,11,12,13,18,19,21,26,37,40,44,45,53,54,62,64,70,74,76
115054775,1,7,8,9,13,14,25,31,39,41,47,54,55,56,58,59,68,71,76,77
115054776,8,16,17,18,23,24,25,32,33,35,44,53,60,63,65,66,71,72,73,80
115054777,3,4,9,11,13,24,29,34,36,37,38,40,49,52,53,55,58,62,65,71
115054778,2,9,10,13,14,16,17,26,33,34,42,46,48,49,58,59,62,67,69,75
115054779,1,7,9,10,15,20,25,26,38,40,42,43,44,52,53,63,65,67,68,77
115054780,3,4,12,16,18,19,21,26,31,34,35,42,43,47,54,61,64,66,78,79
115054781,6,10,12,15,16,17,26,29,32,40,41,51,52,53,61,66,67,68,70,71
115054782,6,7,10,11,17,20,21,34,43,49,54,56,59,60,62,64,70,72,74,76
115054783,2,7,8,9,12,16,21,23,26,30,32,43,44,48,53,56,58,65,73,74
115054784,1,4,5,7,12,17,19,22,23,31,35,42,45,59,63,65,67,75,77,78
115054785,1,2,4,16,19,20,24,28,34,36,39,45,50,56,58,62,63,65,77,78
115054786,4,13,19,23,28,29,32,34,36,41,44,47,48,51,60,61,62,63,68,75
115054787,1,2,5,8,17,18,20,21,22,27,41,45,46,51,58,65,69,70,77,78
115054788,3,8,11,18,21,23,25,28,29,35,36,37,40,55,56,63,64,66,71,77
115054789,2,3,8,14,18,25,28,31,34,42,49,50,55,58,63,68,70,71,74,75
115054790,8,9,13,22,23,28,32,40,44,45,47,49,52,53,54,56,63,69,75,78
115054791,4,5,10,11,20,33,34,38,39,44,46,47,48,63,67,69,70,77,79,80
115054792,4,5,9,14,19,30,32,41,44,47,50,53,54,58,61,64,66,70,75,76
115054793,5,10,11,12,20,30,37,39,42,43,44,55,56,66,68,69,72,74,77,80
115054794,8,9,11,13,14,17,28,33,35,38,41,43,48,49,63,68,69,71,78,80
115054795,1,7,9,21,26,29,32,35,41,50,57,60,62,66,68,70,71,74,76,79
115054796,4,17,19,20,21,24,32,33,34,37,39,41,42,49,57,60,66,68,72,78
115054797,2,6,7,11,14,20,27,30,32,44,46,51,52,57,58,63,64,66,73,74
115054798,5,6,7,8,13,14,15,17,24,33,34,37,44,47,49,50,52,57,61,68
115054799,2,4,5,19,20,21,29,31,34,36,37,43,45,51,62,69,70,72,73,79
115054800,6,9,10,11,15,17,19,31,32,41,48,50,56,58,65,69,72,73,74,78
115054801,3,6,9,10,17,19,24,31,37,39,45,46,57,59,63,64,74,75,77,79
115054802,4,8,13,15,20,21,22,25,39,40,41,44,50,54,55,57,70,75,78,79
115054803,8,10,13,14,15,19,24,26,30,35,36,37,45,47,50,55,72,77,78,80
115054804,1,3,5,10,16,17,18,32,35,38,40,41,45,52,54,61,68,69,79,80
115054805,6,8,10,11,15,19,20,26,29,34,38,40,45,49,50,56,58,66,68,77
115054806,1,4,7,10,16,19,21,27,29,34,39,41,44,46,51,60,72,77,78,80
115054807,7,10,11,14,21,31,34,36,38,41,48,51,59,61,63,65,66,70,75,78
115054808,1,4,6,24,25,28,30,37,38,39,46,49,52,59,65,67,72,75,77,78
115054809,1,2,19,20,26,27,32,43,49,50,55,56,58,59,61,62,64,66,70,72
115054810,1,7,9,17,18,22,30,36,41,42,45,53,62,63,64,69,70,73,77,80
115054811,3,4,8,11,12,18,34,35,38,39,41,42,44,54,60,63,70,74,76,79
115054812,10,12,20,21,22,25,28,41,43,44,45,50,58,64,65,68,71,73,78,79
115054813,3,10,16,21,23,26,35,37,39,41,45,48,51,52,57,60,61,67,68,74
115054814,1,5,6,12,22,26,33,34,42,49,50,51,57,61,62,65,69,70,71,72
115054815,1,2,4,9,15,37,42,45,53,54,55,57,62,64,65,69,70,71,73,76
115054816,5,6,12,13,18,20,37,48,49,53,55,58,59,62,63,65,68,71,76,80
115054817,1,8,9,18,19,21,27,29,32,36,37,38,46,49,50,53,61,62,65,69
115054818,8,11,12,14,16,19,28,33,34,35,47,48,49,50,51,64,67,68,69,73
115054819,1,4,11,13,18,24,28,34,38,42,43,46,60,66,67,69,72,73,74,76
115054820,5,6,15,16,25,26,27,33,45,47,50,51,55,59,63,65,67,68,70,74
115054821,1,2,5,7,9,24,26,29,30,32,33,38,42,44,47,57,60,65,68,72
115054822,8,16,20,24,26,30,32,33,38,50,54,56,61,62,64,71,72,74,75,80
115054823,1,7,10,11,12,13,18,21,24,25,33,37,48,58,67,76,77,78,79,80
115054824,4,13,20,23,27,28,31,32,38,42,45,47,56,57,63,65,73,75,76,79
115054825,5,10,12,13,18,19,23,24,27,31,33,46,56,59,60,61,66,69,74,76
115054826,14,18,28,35,41,42,45,46,48,50,51,53,57,60,65,66,70,71,73,80
115054827,1,5,11,17,29,31,35,36,39,43,47,48,52,55,60,61,64,72,79,80
115054828,3,5,6,7,9,12,15,23,26,28,36,37,39,48,49,62,65,69,73,77
115054829,6,8,11,14,26,31,33,34,37,38,41,46,47,48,55,62,68,72,73,76
115054830,1,2,8,18,19,30,32,42,43,44,45,48,49,50,53,58,62,71,72,75
115054831,8,9,18,20,25,31,33,35,45,46,51,53,54,59,61,62,63,64,66,79
115054832,4,6,7,9,20,22,27,34,35,37,39,45,48,52,59,63,67,73,78,80
115054833,22,23,25,26,34,35,36,40,44,46,57,58,61,63,67,68,70,74,77,79
115054834,1,2,15,16,17,18,19,31,42,47,48,53,59,66,69,71,77,78,79,80
115054835,1,7,8,10,20,23,25,27,28,29,34,35,37,39,41,53,59,73,74,79
115054836,3,6,11,16,21,27,33,34,38,39,46,47,57,59,62,68,75,76,79,80
115054837,17,21,22,25,26,29,33,35,39,43,44,51,52,56,60,61,65,68,73,80
115054838,3,18,23,25,27,30,31,33,35,36,37,44,45,47,52,54,57,58,77,78
115054839,1,12,13,16,19,20,21,22,29,31,34,37,38,43,57,58,63,64,67,78
115054840,8,9,14,15,16,20,32,33,36,37,46,47,53,60,63,64,65,67,68,78
115054841,3,10,23,26,31,32,37,38,40,41,46,49,53,54,55,57,70,73,75,77
115054842,7,14,17,21,25,27,28,30,33,37,42,49,51,57,61,64,67,69,73,75
115054843,3,4,7,18,22,29,40,41,43,48,51,54,59,66,67,69,75,76,78,79
115054844,3,6,9,10,22,30,31,35,39,41,46,48,58,60,65,69,70,73,75,76
115054845,3,4,8,9,17,22,26,33,40,43,47,53,59,61,62,64,69,70,77,78
115054846,1,3,11,13,16,27,31,46,50,51,53,57,58,66,70,71,73,74,75,76
115054847,1,5,6,7,15,18,22,25,26,27,30,33,39,41,50,53,55,61,67,72
115054848,3,4,10,21,23,27,31,32,36,37,43,46,48,50,57,63,65,66,68,71
115054849,5,6,7,11,14,15,16,18,20,30,31,36,52,59,60,63,69,75,77,80
115054850,3,5,12,17,24,28,29,32,33,40,43,45,50,53,55,58,68,70,77,79
115054851,11,12,13,15,16,18,20,22,28,33,40,43,47,51,59,63,68,69,71,79
115054852,4,6,9,17,19,28,33,38,40,55,59,62,63,70,71,74,75,76,78,80
115054853,5,6,7,8,11,18,23,26,30,32,33,38,43,44,48,52,56,59,62,75
115054854,2,3,5,6,11,16,17,21,23,32,35,38,39,41,46,57,66,70,77,78
115054855,11,12,15,18,20,21,25,27,36,40,41,42,49,51,52,64,75,76,77,78
115054856,2,3,5,13,16,20,21,27,33,34,47,50,56,59,61,62,69,72,77,79
115054857,5,6,12,14,16,26,28,30,36,39,42,45,49,52,57,59,65,70,76,79
115054858,1,6,14,19,24,25,33,36,37,40,50,51,54,55,57,63,64,68,70,79
115054859,3,4,7,8,12,20,24,25,27,29,33,35,37,41,46,51,54,57,60,77
115054860,4,20,23,25,31,32,33,37,41,45,49,53,54,62,63,64,72,76,77,79
115054861,13,14,17,19,22,25,26,36,37,40,41,43,53,54,62,63,65,76,78,79
115054862,1,2,5,15,18,20,29,31,35,44,47,49,53,57,58,60,65,73,76,80
115054863,12,16,21,22,23,34,38,39,46,49,58,64,67,69,70,72,73,77,78,79
115054864,1,5,9,14,19,21,28,36,40,41,48,55,60,62,64,68,69,72,75,77
115054865,4,11,16,19,23,26,30,31,32,34,38,39,42,55,64,66,67,70,74,80
115054866,1,2,10,20,21,24,27,28,30,34,37,43,47,50,52,56,65,72,74,78
115054867,2,7,13,15,17,20,25,31,34,37,40,43,45,46,47,51,52,54,69,74
115054868,4,10,15,19,21,25,28,33,39,40,42,43,45,46,53,57,61,66,72,76
115054869,2,6,7,16,17,23,24,25,26,28,37,43,44,47,49,51,55,60,67,68
115054870,6,13,14,15,22,24,32,45,47,48,49,50,51,62,67,69,70,72,75,79
115054871,3,5,10,11,17,19,21,24,27,29,30,35,41,45,46,49,55,56,69,72
115054872,2,12,13,15,17,19,20,21,24,26,27,33,40,42,55,58,66,67,72,78
115054873,10,17,19,20,24,29,31,35,42,46,48,49,54,55,63,64,70,71,73,77
115054874,5,6,15,16,20,26,27,29,31,35,40,42,43,53,57,58,60,63,78,80
115054875,4,5,7,11,12,16,27,28,32,35,45,46,47,52,59,68,69,70,73,76
115054876,1,2,3,5,13,14,15,21,34,39,40,44,51,54,62,65,66,75,77,78
115054877,2,10,11,26,31,32,35,36,43,56,57,61,64,69,70,71,72,74,78,79
115054878,6,11,24,26,28,32,33,37,38,42,50,53,55,57,62,70,71,77,78,80
115054879,1,6,7,14,15,18,19,20,21,22,23,29,35,38,59,60,65,67,68,79
115054880,8,10,14,15,16,20,24,26,28,29,33,38,42,45,46,59,70,71,76,77
115054881,3,4,11,14,17,18,36,38,47,48,49,50,51,53,56,58,63,68,69,70
115054882,4,5,10,16,17,24,28,33,36,38,47,51,54,60,63,64,65,66,69,77
115054883,5,9,11,17,22,25,26,33,36,40,42,48,50,53,59,66,67,75,77,80
115054884,1,2,3,7,10,11,12,14,18,19,20,22,25,36,38,45,53,57,70,73
115054885,2,22,24,28,32,33,34,35,37,46,47,49,52,56,60,62,63,71,74,79
115054886,2,3,6,8,12,17,18,20,21,25,41,48,55,56,59,62,64,66,68,80
115054887,3,8,10,12,18,20,21,25,33,34,40,45,53,54,58,64,67,68,77,78
115054888,9,12,15,16,18,21,23,26,30,32,37,44,49,50,52,61,66,70,76,77
115054889,4,5,6,14,17,19,25,30,32,39,44,47,51,58,65,66,68,71,72,80
115054890,2,3,4,10,13,15,19,20,27,44,47,48,49,59,62,65,67,68,70,79
115054891,4,6,15,16,20,24,25,28,33,34,41,49,56,59,64,65,68,69,71,80
115054892,5,10,14,16,17,18,28,30,31,32,34,37,38,40,49,58,66,68,76,77
115054893,3,4,19,27,29,32,38,39,41,44,45,53,60,65,66,68,72,73,75,76
115054894,6,8,9,12,14,16,19,33,40,43,48,49,50,57,59,61,63,72,76,80
115054895,2,3,10,11,12,15,16,21,40,41,51,52,56,60,63,70,73,78,79,80
115054896,2,6,8,11,13,14,16,17,21,22,27,28,31,36,49,54,56,62,76,80
115054897,4,6,7,12,14,20,27,30,32,38,41,51,53,54,58,60,61,65,72,75
115054898,18,21,23,25,26,31,33,39,43,44,48,50,52,53,57,61,64,74,77,80
115054899,5,6,8,12,14,16,18,22,23,35,36,39,40,43,47,50,52,53,57,58
115054900,2,9,17,20,21,25,27,31,32,34,36,43,48,50,52,71,72,74,75,78
115054901,3,6,11,20,23,24,27,31,33,44,45,53,55,58,65,69,71,76,78,80
115054902,7,8,10,14,16,24,28,36,40,44,51,53,55,56,59,62,63,67,72,80
115054903,1,7,8,11,17,22,23,24,27,34,42,47,55,56,58,60,69,70,72,79
115054904,3,11,18,19,21,22,23,26,33,37,41,43,45,54,59,60,70,73,77,80
115054905,3,5,8,13,17,23,29,32,34,35,36,40,43,46,49,55,57,65,71,75
115054906,7,11,24,25,30,35,36,38,40,41,42,46,47,49,55,56,57,62,65,78
115054907,1,4,8,9,11,22,23,25,29,34,39,49,50,52,64,65,68,71,73,78
115054908,1,13,15,25,26,27,28,34,35,41,45,48,49,55,58,60,62,68,78,80
115054909,10,12,15,16,22,25,26,29,34,39,40,55,58,65,66,67,71,73,79,80
115054910,3,4,7,14,15,16,20,23,25,30,31,34,36,39,42,43,49,53,71,74
115054911,2,8,9,10,12,19,23,25,30,34,36,40,41,46,47,56,64,68,74,78
115054912,3,5,8,9,11,24,28,34,39,42,45,47,49,52,62,63,64,66,73,76
115054913,8,10,11,12,17,18,24,25,27,29,42,46,47,57,59,63,65,73,76,78
115054914,7,12,15,24,35,38,39,42,43,44,45,47,49,51,65,66,71,72,74,79
115054915,4,5,17,22,25,26,29,38,40,47,49,50,53,59,60,65,71,75,78,80
115054916,5,11,15,16,26,30,31,39,43,45,46,48,51,54,57,60,61,75,79,80
115054917,5,10,13,17,19,26,28,34,35,36,46,51,52,56,59,61,62,72,75,77
115054918,2,5,19,20,26,31,35,38,49,53,54,59,60,61,62,64,70,71,76,79
115054919,4,7,11,15,19,20,22,24,27,28,39,47,53,56,57,59,68,74,79,80
115054920,5,8,11,17,19,20,23,30,31,32,46,51,54,55,56,58,61,65,74,79
115054921,3,5,10,11,12,17,27,30,31,32,40,45,50,51,65,68,70,73,76,78
115054922,6,18,26,28,29,34,35,36,43,44,46,51,53,54,57,61,64,65,76,80
115054923,5,6,9,11,20,22,27,31,38,41,48,50,57,58,60,71,72,73,74,76
115054924,7,14,19,20,24,32,37,39,46,52,59,61,62,63,64,70,71,72,73,78
115054925,2,9,25,29,39,40,44,46,49,50,55,57,60,64,66,71,72,73,75,76
115054926,1,4,10,17,20,22,25,27,35,39,43,45,47,48,49,56,64,69,72,77
115054927,3,6,21,23,24,26,28,36,39,41,44,47,51,57,61,63,68,70,74,75
115054928,1,2,6,8,16,19,23,25,26,33,39,47,54,56,60,64,72,74,78,80
115054929,1,6,7,13,17,18,20,23,24,25,29,36,49,50,51,52,57,63,67,69
115054930,5,13,18,27,37,42,44,47,50,51,52,55,60,62,67,74,75,76,79,80
115054931,4,6,7,13,18,20,22,34,35,38,42,49,58,62,64,65,70,71,72,78
115054932,14,18,19,23,30,31,33,40,42,44,47,51,56,59,60,62,63,70,72,78
115054933,8,12,14,15,16,21,27,30,32,35,38,54,55,56,57,58,59,60,63,74
115054934,6,12,14,16,32,33,43,46,48,49,51,52,54,58,68,70,71,78,79,80
115054935,5,8,14,17,18,22,24,26,28,32,33,42,45,49,59,60,61,67,73,79
115054936,1,3,4,8,9,10,11,14,19,20,32,33,40,41,49,52,58,67,77,80
115054937,8,16,17,21,24,30,32,37,38,39,41,44,46,47,48,50,55,59,62,67
115054938,5,8,12,18,19,20,22,25,26,30,34,35,36,39,45,53,57,58,59,65
115054939,5,8,10,11,13,20,22,23,24,30,41,45,47,48,55,57,58,66,70,76
115054940,1,8,10,23,28,32,45,50,51,53,56,58,60,61,62,63,67,70,73,76
115054941,1,3,8,13,16,18,23,25,26,28,29,32,37,42,44,59,64,70,73,78
115054942,6,7,12,13,15,17,32,36,44,53,57,61,64,66,67,68,71,72,78,80
115054943,3,5,6,7,17,24,25,27,31,33,35,44,49,51,53,56,60,64,75,78
115054944,1,5,7,10,17,20,23,24,25,38,48,50,52,53,57,63,65,70,71,73
115054945,5,6,15,17,19,28,30,35,37,38,46,52,53,56,57,59,64,75,79,80
115054946,9,10,12,15,22,26,30,41,43,44,46,49,51,56,57,62,68,71,75,76
115054947,16,17,19,27,30,32,35,38,44,45,54,55,56,57,59,60,67,70,71,73
115054948,8,11,16,19,35,38,46,48,49,51,56,58,60,62,66,69,71,74,76,79
115054949,5,7,8,10,15,23,25,28,29,34,35,41,43,54,56,61,66,70,71,76
115054950,3,8,14,15,23,25,32,34,40,41,44,46,54,55,57,58,60,71,77,80
115054951,8,16,20,23,25,26,28,35,36,38,39,44,45,47,49,57,60,73,78,79
115054952,2,5,7,14,15,19,20,21,22,28,34,41,42,43,52,59,60,68,71,73
115054953,4,11,14,15,16,18,23,24,26,30,33,35,46,48,60,64,65,67,70,77
115054954,3,15,19,20,26,27,28,29,31,32,37,54,55,62,64,68,73,76,77,78
115054955,1,5,7,15,17,18,28,31,33,34,39,43,49,51,52,54,59,62,68,79
115054956,1,3,5,10,11,15,16,26,29,39,43,44,47,48,53,62,63,65,66,75
115054957,4,8,10,11,16,22,35,36,39,40,41,49,53,54,56,58,63,69,70,71
115054958,2,6,11,14,21,22,23,28,29,33,35,46,47,48,66,70,72,77,78,80
115054959,2,3,6,12,14,22,27,28,30,31,39,43,49,52,61,63,70,75,76,79
115054960,3,6,8,14,17,20,30,33,36,39,40,42,48,57,58,61,64,68,78,79
115054961,3,8,9,10,18,23,24,25,34,39,40,43,46,51,52,54,63,69,72,77
115054962,1,2,6,9,19,24,30,31,34,37,40,41,42,43,49,62,65,71,74,75
115054963,3,8,9,13,16,17,18,22,34,35,37,39,43,46,49,62,66,67,71,75
115054964,1,4,7,9,15,16,20,21,27,33,49,50,53,55,63,65,66,69,76,77
115054965,3,4,7,11,13,17,27,33,36,39,41,44,46,54,59,67,68,70,75,76
115054966,5,11,13,16,17,30,33,39,44,45,48,50,55,58,61,62,68,69,70,78
115054967,11,14,18,19,26,27,29,32,34,36,42,43,45,46,48,51,60,71,74,79
115054968,1,3,11,15,19,23,24,25,26,28,32,37,41,43,46,48,51,56,68,70
115054969,1,3,7,9,14,19,25,26,31,35,44,46,48,49,51,58,62,69,71,77
115054970,3,7,11,14,16,20,35,38,45,52,57,58,59,64,69,70,72,75,77,78
115054971,3,14,18,29,30,34,35,45,50,52,54,58,60,64,65,68,70,73,78,80
115054972,1,2,12,13,24,30,31,33,34,42,48,49,54,57,62,68,71,74,76,80
115054973,1,13,17,20,21,22,23,28,30,31,33,39,41,42,55,56,58,62,68,74
115054974,5,10,12,18,26,27,29,31,32,38,39,43,47,57,66,67,68,70,72,78
115054975,2,4,10,14,20,25,26,30,36,37,38,40,44,47,54,56,59,72,73,75
115054976,1,4,8,16,20,22,23,24,25,30,33,35,36,41,45,46,50,57,71,75
115054977,8,9,17,18,22,24,27,34,42,43,53,55,57,58,59,60,62,74,76,79
115054978,8,15,19,20,21,22,26,28,40,42,45,46,49,50,55,60,69,71,75,76
115054979,3,10,12,16,19,20,23,28,29,30,41,43,48,52,53,56,63,72,74,75
115054980,1,4,6,9,12,14,15,16,24,25,29,35,36,37,42,61,65,68,71,79
115054981,3,4,11,14,23,29,42,45,47,48,56,59,60,61,62,63,67,68,69,71
115054982,7,10,28,34,42,44,46,56,60,63,64,65,66,67,70,71,72,73,74,80
115054983,11,13,14,16,17,19,20,21,22,25,27,33,35,36,42,45,57,61,74,77
115054984,4,9,11,15,19,26,27,30,32,33,35,36,39,44,45,48,73,74,77,80
115054985,2,3,13,16,19,20,24,30,38,39,48,50,59,60,63,64,65,77,79,80
115054986,5,8,11,12,18,20,22,32,33,34,35,37,49,51,54,56,58,59,62,67
115054987,4,12,16,18,19,21,22,25,30,31,41,42,50,51,52,61,65,72,74,80
115054988,4,8,9,12,13,25,30,31,35,38,43,48,49,52,55,64,66,69,74,75
115054989,3,4,13,16,18,20,21,22,35,36,37,39,41,42,47,52,54,63,68,77
115054990,1,4,5,12,14,22,33,45,46,51,53,55,56,58,60,61,70,71,75,76
115054991,5,10,13,18,20,21,23,25,26,29,31,34,35,37,40,41,55,58,59,68
115054992,17,22,24,26,30,35,38,39,50,52,54,58,60,61,65,68,70,71,76,80
115054993,9,11,12,24,26,33,35,36,40,41,44,49,53,54,59,60,62,64,68,71
115054994,2,5,6,9,10,12,14,17,23,27,28,33,36,38,40,50,57,67,70,75
115054995,1,4,8,11,17,23,27,35,36,37,41,43,47,50,53,55,57,62,68,74
115054996,2,5,6,8,13,16,20,27,28,33,35,36,43,50,63,66,73,75,77,78
115054997,7,8,9,14,19,22,24,29,32,36,37,49,50,52,66,67,71,72,73,79
115054998,3,4,11,14,15,19,20,22,25,37,41,44,46,52,54,55,58,71,74,79
115054999,6,13,15,17,18,20,22,23,24,27,38,42,45,51,52,55,71,75,76,79
115055000,1,3,24,25,31,33,35,37,41,42,43,49,50,54,60,62,64,66,67,74
115055001,2,3,6,12,16,18,22,24,36,39,42,43,44,46,50,52,58,73,76,80
115055002,6,7,8,9,11,13,23,27,36,37,39,45,51,53,65,66,69,75,77,78
115055003,1,4,13,15,18,22,25,26,29,34,55,57,59,67,70,71,72,75,78,80
115055004,4,5,6,10,13,22,25,26,32,34,35,38,41,47,50,51,60,64,67,78
115055005,5,8,10,11,14,19,24,27,28,35,36,50,52,53,58,62,66,69,71,80
115055006,10,28,29,32,35,39,40,41,50,51,52,56,62,63,66,67,71,72,78,80
115055007,1,10,17,19,26,28,29,32,36,40,41,45,46,47,51,52,57,59,63,74
115055008,2,9,10,14,29,35,36,37,41,42,47,50,56,59,62,64,69,73,75,76
115055009,7,13,19,21,23,24,26,28,31,39,43,47,48,56,57,58,60,69,78,80
115055010,4,7,8,10,12,19,21,24,30,34,35,38,39,45,50,64,65,66,67,80
115055011,2,4,11,12,24,32,38,39,41,45,54,56,57,58,64,67,69,72,75,80
115055012,1,3,10,14,18,20,27,29,42,50,56,59,60,61,68,72,76,77,79,80
115055013,13,15,18,21,22,23,25,26,27,31,41,42,46,58,59,61,72,73,79,80
115055014,1,7,10,14,19,27,28,29,35,37,38,42,48,49,52,53,55,57,75,80
115055015,2,4,12,16,18,24,25,27,31,35,42,44,48,51,53,61,65,66,69,76
115055016,5,6,7,9,17,24,27,34,38,39,40,48,49,54,55,61,63,72,74,77
115055017,1,3,14,20,21,23,31,34,40,42,43,46,47,50,71,72,75,76,78,79
115055018,2,4,5,13,17,19,26,33,36,40,50,53,54,57,58,63,72,73,75,76
115055019,9,12,13,15,16,21,22,23,25,33,35,38,41,45,49,54,55,65,70,79
115055020,9,11,15,18,19,21,22,29,30,31,45,50,52,53,61,62,70,75,76,79
115055021,5,15,16,20,22,29,30,32,37,39,40,41,44,46,52,55,62,64,66,69
115055022,2,6,8,12,16,22,23,29,30,42,43,50,51,61,62,63,67,68,77,79
115055023,1,7,12,13,17,21,29,35,37,39,41,42,43,45,47,48,51,62,65,78
115055024,1,8,13,14,16,19,22,29,32,33,34,37,39,40,45,46,48,51,63,74
115055025,8,10,13,17,23,25,37,42,44,46,50,52,54,55,61,63,64,68,70,75
115055026,1,4,8,12,14,17,22,27,43,45,46,48,49,54,57,58,61,69,70,71
115055027,3,10,13,14,21,23,24,26,28,29,34,41,53,57,60,62,66,71,72,74
115055028,1,2,3,8,11,12,13,17,18,23,25,27,36,46,48,51,58,70,71,74
115055029,18,20,22,28,34,40,42,44,49,53,56,57,58,60,64,66,68,69,70,77
115055030,1,2,7,8,9,16,18,20,25,27,30,41,56,58,61,65,66,68,71,78
115055031,2,10,11,16,20,21,23,30,32,36,39,43,49,53,64,65,66,68,72,75
115055032,3,5,8,23,24,29,30,31,33,34,40,44,47,61,64,65,70,74,76,80
115055033,8,12,13,25,28,29,30,31,38,50,51,54,55,62,65,66,67,68,71,72
115055034,1,4,7,11,15,29,39,40,41,44,49,52,53,54,60,63,64,66,71,79
115055035,2,3,4,6,8,10,13,27,33,35,37,39,48,51,56,62,65,67,68,75
115055036,1,3,4,7,9,13,17,24,25,26,34,35,43,45,50,51,52,57,77,80
115055037,10,30,33,34,36,38,41,44,45,49,51,53,57,61,64,65,68,74,75,78
115055038,4,14,19,24,25,28,35,39,40,42,45,47,51,60,66,68,70,72,75,77
115055039,5,9,12,13,26,29,33,39,40,41,43,44,45,48,52,57,64,70,71,76
115055040,17,18,22,23,25,26,31,32,36,37,40,42,56,60,68,72,75,77,79,80
115055041,1,2,4,7,14,15,17,20,24,42,47,48,50,53,57,59,62,72,73,77
115055042,1,3,4,6,11,12,13,17,27,31,35,41,45,49,52,57,61,62,65,79
115055043,5,10,14,17,19,23,28,29,33,36,38,45,53,56,61,65,71,72,73,78
115055044,4,7,8,19,21,26,27,31,32,36,37,39,49,53,59,61,67,69,71,79
115055045,3,5,13,14,23,28,29,30,34,35,36,46,51,52,55,61,66,69,71,76
115055046,1,4,7,11,12,24,31,32,34,37,38,39,40,49,55,57,63,68,70,77
115055047,2,4,8,9,16,18,21,27,30,33,36,52,56,65,66,70,71,73,75,77
115055048,5,10,19,24,26,27,31,41,42,43,47,49,52,56,59,65,66,67,74,75
115055049,2,3,4,16,19,21,28,31,33,38,39,42,46,47,48,52,60,63,78,80
115055050,3,4,10,12,13,14,17,19,26,28,35,38,39,42,45,50,55,64,71,75
115055051,1,2,11,14,17,18,20,23,26,28,29,47,48,50,51,52,53,54,64,66
115055052,5,13,17,22,25,29,31,37,46,50,52,54,57,58,60,61,68,71,74,80
115055053,4,8,11,12,13,19,25,26,29,31,35,49,51,52,54,56,61,63,74,76
115055054,5,8,22,26,29,33,41,42,44,46,48,51,52,56,63,64,68,70,72,79
115055055,3,5,7,15,21,22,31,33,38,42,46,51,57,58,61,63,66,71,75,78
115055056,1,2,4,7,8,10,11,19,31,33,40,43,48,51,52,61,64,65,72,74
115055057,2,13,21,23,24,27,31,33,35,42,46,47,49,51,58,59,63,65,69,77
115055058,13,18,19,25,32,40,42,44,48,52,55,57,58,62,63,64,66,69,72,78
115055059,3,10,12,14,26,27,37,43,46,49,54,56,58,59,66,67,70,72,76,78
115055060,2,4,6,9,10,14,16,18,23,25,28,39,42,48,56,62,65,67,68,75
115055061,4,6,7,9,15,19,20,21,23,24,33,40,47,50,51,62,66,71,73,80
115055062,3,4,8,9,17,18,22,26,28,39,45,51,53,56,63,64,68,73,76,79
115055063,1,2,3,4,11,21,27,28,33,46,48,50,56,61,63,66,69,73,78,79
115055064,1,2,12,13,14,21,23,28,29,34,39,44,58,59,60,68,71,72,76,78
115055065,1,4,8,20,25,27,28,45,46,48,49,54,57,62,65,69,70,71,72,78
115055066,7,13,14,19,20,21,23,25,29,32,34,38,44,50,51,59,61,63,70,74
115055067,18,20,23,28,29,31,35,36,44,47,53,56,60,61,65,66,67,68,69,72
115055068,4,5,8,11,12,13,15,18,22,28,40,42,43,49,56,66,70,75,79,80
115055069,2,5,7,18,22,23,25,27,29,36,37,40,46,48,51,64,68,71,78,80
115055070,1,12,23,25,28,29,31,32,38,45,49,53,57,58,61,69,70,73,77,79
115055071,9,13,14,16,17,20,29,32,35,38,39,44,45,48,50,51,55,56,76,78
115055072,1,2,6,8,11,13,15,19,20,22,24,30,33,39,42,46,47,48,69,77
115055073,7,8,10,24,25,34,38,40,42,43,44,48,53,56,66,67,71,73,76,77
115055074,2,4,6,7,9,13,21,23,24,29,30,33,41,47,49,52,53,64,66,73
115055075,1,4,20,25,31,35,36,44,48,49,52,53,54,56,59,60,62,63,69,77
115055076,3,4,5,6,16,20,29,31,36,40,41,48,49,58,61,64,67,71,72,74
115055077,1,7,17,18,22,27,31,33,34,38,39,40,45,46,57,61,62,64,69,75
115055078,1,2,5,10,14,17,18,29,31,42,43,44,45,50,52,63,66,67,73,79
115055079,1,2,3,25,29,40,42,43,44,50,52,53,56,58,61,71,74,76,77,79
115055080,5,13,17,23,27,29,35,37,41,46,47,55,56,60,69,70,71,74,77,79
115055081,3,10,14,21,23,30,36,38,39,40,43,45,53,56,63,65,66,73,74,80
115055082,2,6,8,9,10,17,18,26,30,33,34,36,42,44,45,46,48,67,71,79
115055083,3,6,9,10,13,14,17,18,19,22,24,38,41,44,45,50,53,60,66,77
115055084,3,10,11,17,26,31,34,36,39,40,41,44,50,52,56,61,67,68,69,80
115055085,11,12,15,19,21,25,32,35,36,39,46,48,50,62,68,70,72,75,79,80
115055086,4,7,12,14,17,23,24,31,37,39,41,45,48,51,57,60,62,69,73,74
115055087,4,6,7,9,13,17,18,22,24,27,44,46,55,56,62,64,68,71,72,75
115055088,1,8,9,13,15,29,31,42,44,45,48,55,56,57,64,65,69,74,78,79
115055089,1,8,9,17,19,20,26,30,31,36,37,39,44,45,46,60,61,67,71,73
115055090,1,9,13,14,22,23,26,27,29,40,42,45,46,50,57,58,59,66,75,79
115055091,1,3,7,16,19,23,26,29,41,46,47,51,56,58,60,61,62,72,75,80
115055092,4,10,11,12,18,22,24,25,46,48,50,51,55,58,62,65,66,74,77,78
115055093,1,3,8,21,22,23,24,29,32,42,44,46,48,49,61,67,72,76,78,79
115055094,2,4,22,23,27,32,36,39,40,44,46,49,52,55,57,60,71,72,79,80
115055095,3,5,10,15,16,17,21,22,23,29,40,48,49,53,56,61,66,70,74,76
115055096,10,12,15,19,23,29,34,35,37,40,47,48,55,56,60,61,62,66,68,72
115055097,1,3,4,9,12,19,20,21,28,33,37,39,44,45,47,52,60,63,69,80
115055098,7,9,18,19,20,22,31,32,35,37,39,49,51,52,62,64,70,72,73,75
115055099,1,2,4,6,11,12,14,21,25,29,30,34,35,64,67,69,70,72,73,76
115055100,1,6,8,9,10,17,19,23,24,25,41,48,51,58,61,62,64,65,72,79
115055101,3,4,5,7,9,10,13,16,18,22,27,28,29,34,39,44,55,64,65,80
115055102,1,3,5,8,15,19,28,40,43,48,50,53,63,65,66,68,74,76,78,79
115055103,2,3,15,25,27,34,35,38,39,41,42,45,47,48,53,57,58,69,73,78
115055104,3,5,8,9,10,16,20,21,27,28,38,39,43,51,58,65,72,76,77,80
115055105,2,3,9,15,18,20,27,31,37,38,43,46,47,54,56,60,62,65,71,72
115055106,1,2,4,5,11,12,16,24,30,31,42,45,49,58,59,62,66,73,74,76
115055107,4,6,8,10,11,21,27,32,37,43,50,51,52,61,63,64,69,77,79,80
115055108,6,8,21,29,30,35,38,44,48,49,50,55,56,60,61,63,70,76,78,79
115055109,4,8,10,12,13,27,29,37,40,48,49,51,52,62,65,67,74,77,79,80
115055110,3,6,9,13,14,15,27,29,32,34,35,43,45,47,55,58,60,63,73,76
115055111,3,12,20,24,32,33,34,37,38,44,45,48,49,50,52,53,56,58,60,62
115055112,3,4,19,22,23,25,34,44,45,47,49,52,53,55,56,61,69,71,77,80
115055113,6,15,20,24,29,32,33,41,43,51,53,54,56,58,59,60,72,76,77,78
115055114,1,4,8,9,10,14,19,25,26,38,40,47,50,51,53,59,62,63,70,73
115055115,10,12,27,28,34,36,39,41,52,53,56,57,60,61,64,67,69,73,76,79
115055116,1,2,5,6,9,15,18,20,30,34,43,46,49,58,62,63,69,70,72,76
115055117,7,8,11,14,16,18,19,25,29,33,42,43,44,51,54,65,66,69,70,78
115055118,2,3,4,5,8,14,26,29,34,36,37,44,55,65,67,68,70,75,76,78
115055119,2,3,7,8,10,16,17,19,29,32,44,46,47,49,62,70,75,77,78,80
115055120,5,7,8,9,15,23,27,38,40,45,46,49,65,66,67,71,76,77,79,80
115055121,1,3,4,5,8,15,18,19,27,31,43,47,48,49,54,59,65,67,69,74
115055122,5,6,8,9,11,12,17,34,35,39,40,43,50,52,56,63,67,69,77,79
115055123,4,9,10,17,20,24,27,29,36,41,43,44,47,49,52,54,63,69,70,71
115055124,5,8,23,25,30,44,46,55,59,61,62,63,66,67,69,72,73,75,77,80
115055125,3,18,19,23,33,34,36,43,45,48,55,57,61,66,67,69,72,73,76,77
115055126,10,13,16,17,18,20,24,30,31,33,34,42,48,56,59,64,74,77,78,80
115055127,7,9,21,26,27,33,37,38,39,41,46,49,56,58,60,67,69,74,75,80
115055128,2,5,16,18,19,20,24,31,36,37,40,44,46,47,51,59,61,63,74,79
115055129,4,8,12,13,16,17,19,26,27,30,33,36,37,40,52,54,56,65,75,79
115055130,5,7,8,13,16,17,26,33,34,35,37,39,40,43,48,53,65,69,70,79
115055131,2,4,5,9,13,15,26,27,28,29,30,47,50,51,54,60,65,69,74,75
115055132,3,4,10,14,21,23,24,32,35,44,47,51,52,54,61,64,67,72,76,80
115055133,21,24,27,29,34,35,40,43,44,45,49,53,54,57,66,67,75,78,79,80
115055134,8,9,10,15,24,28,33,34,36,38,39,45,62,63,64,69,71,74,79,80
115055135,2,3,6,7,9,10,13,14,19,20,24,26,28,41,62,68,69,76,77,79
115055136,14,15,16,18,22,23,25,26,28,32,38,47,48,50,52,55,60,62,75,76
115055137,2,3,4,8,10,13,16,24,25,27,36,39,40,48,49,54,57,71,76,78
115055138,1,10,15,19,23,27,28,33,35,42,54,55,58,65,70,71,72,73,75,77
115055139,1,5,9,17,21,27,31,37,40,54,55,57,58,60,61,62,68,78,79,80
115055140,1,5,6,7,16,18,26,37,43,46,48,50,55,56,58,59,70,71,77,78
115055141,4,5,11,15,20,27,28,30,36,37,38,47,51,52,58,59,62,71,75,79
115055142,2,12,16,17,28,29,31,32,33,37,39,40,42,46,55,60,65,68,70,71
115055143,5,9,14,22,28,29,36,41,42,49,51,56,57,68,70,71,72,73,75,80
115055144,2,5,6,9,15,16,25,34,39,42,45,47,50,54,56,59,67,69,71,76
115055145,6,11,12,14,17,21,22,26,27,29,31,32,44,45,53,57,63,66,67,76
115055146,4,5,9,10,11,13,18,19,26,27,28,31,38,39,44,48,54,66,70,72
115055147,5,6,15,19,20,24,26,28,29,37,47,50,52,53,55,61,65,67,74,77
115055148,4,6,7,9,11,14,17,20,28,33,39,45,48,51,54,60,63,66,79,80
115055149,8,9,12,18,19,20,22,24,33,36,37,43,49,56,59,63,64,70,71,79
115055150,1,7,14,17,19,20,27,29,38,42,49,50,52,60,62,63,67,69,71,78
115055151,5,8,16,19,31,32,33,35,36,39,40,44,48,55,59,60,64,65,69,76
115055152,1,2,7,9,11,17,21,27,29,33,44,57,61,65,67,70,72,73,77,80
115055153,6,8,9,11,12,13,14,17,18,20,24,27,29,32,43,51,68,72,77,80
115055154,9,10,12,19,20,21,22,25,26,37,39,41,42,44,55,63,68,69,76,79
115055155,1,2,3,4,6,8,10,11,15,17,19,31,35,40,42,52,59,61,67,76
115055156,1,6,9,10,21,22,23,24,25,38,49,51,54,62,64,65,66,73,76,77
115055157,2,9,13,15,19,21,22,26,30,31,32,43,49,50,55,56,59,71,75,77
115055158,2,3,4,5,6,15,17,18,24,25,28,31,42,55,57,72,73,76,78,79
115055159,7,16,23,26,31,32,38,47,49,50,51,53,56,58,63,66,67,74,75,78
115055160,1,10,22,28,32,36,37,44,46,49,50,54,57,58,70,71,72,73,76,77
115055161,10,19,27,28,32,37,43,44,46,49,50,54,55,56,57,58,59,60,65,66
115055162,2,7,9,17,19,29,30,34,37,38,42,44,46,56,60,62,63,64,70,79
115055163,3,4,5,6,9,17,22,28,31,32,38,39,42,45,58,64,66,68,75,80
115055164,7,11,18,19,22,24,26,32,37,39,40,41,42,44,48,57,58,65,70,76
115055165,1,2,12,14,19,21,27,29,30,32,33,40,42,45,47,50,54,67,73,78
115055166,3,12,17,19,22,23,32,38,40,41,42,43,49,50,51,55,60,64,76,78
115055167,1,8,9,10,12,13,17,21,23,26,27,29,39,46,54,57,62,63,71,74
115055168,4,16,19,22,26,30,36,39,43,46,48,51,52,53,54,57,63,72,77,79
115055169,2,6,8,9,21,22,23,31,33,34,43,46,59,61,66,71,72,73,74,75
115055170,8,11,13,22,24,28,31,38,46,47,48,58,59,60,62,70,75,77,78,80
115055171,2,3,4,5,12,13,15,19,25,35,39,43,47,50,53,54,59,61,64,71
115055172,9,12,18,24,25,27,29,40,43,46,48,51,52,56,58,59,64,65,68,77
115055173,4,6,9,14,17,21,30,33,41,45,47,50,52,60,63,64,65,68,74,77
115055174,17,22,24,27,31,32,33,34,37,43,55,58,59,60,62,63,69,75,76,77
115055175,3,11,12,15,18,19,28,36,38,43,45,47,49,50,51,64,70,73,76,80
115055176,3,8,15,19,22,26,27,31,34,42,43,49,53,59,60,61,65,73,75,76
115055177,2,3,5,6,7,16,17,24,30,36,38,39,44,53,57,59,63,69,71,79
115055178,4,5,7,14,17,18,28,31,32,33,35,43,47,48,53,57,66,69,76,79
115055179,5,8,11,12,13,15,18,20,28,37,41,47,56,57,58,59,67,68,69,76
115055180,11,13,15,16,17,19,30,34,35,36,37,38,41,44,47,54,59,60,74,76
115055181,1,3,7,9,12,14,17,21,22,36,38,39,44,46,49,56,58,63,70,73
115055182,1,15,18,22,23,29,31,32,33,35,49,52,56,59,61,62,70,75,76,80
115055183,5,9,10,11,12,13,18,24,25,45,46,48,52,54,60,61,62,63,65,79
115055184,13,15,18,19,22,27,30,32,37,49,50,53,54,55,61,68,73,74,77,80
115055185,1,4,6,10,13,16,17,23,26,32,41,45,49,50,53,55,62,63,65,68
115055186,8,9,10,13,14,15,18,25,26,27,36,42,43,48,52,61,63,65,73,77
115055187,9,11,15,19,21,22,24,25,31,38,39,40,41,50,55,56,58,59,63,64
115055188,3,6,10,11,22,24,26,28,34,38,40,50,53,56,63,65,71,75,76,80
115055189,2,5,10,11,12,16,18,21,22,24,25,26,27,43,47,53,59,64,69,74
115055190,1,6,23,33,36,40,42,47,48,49,59,62,63,65,69,70,72,75,76,77
115055191,1,7,12,13,15,19,24,25,32,38,41,47,51,55,61,63,65,68,73,75
115055192,1,13,17,18,19,22,25,27,28,29,36,37,38,39,41,46,62,67,69,75
115055193,2,3,4,5,8,15,17,25,28,32,33,34,36,37,41,45,51,71,75,77
115055194,3,5,7,9,12,17,18,19,24,30,33,38,51,63,65,70,72,75,77,78
115055195,2,5,11,17,22,23,25,27,28,32,37,39,48,49,50,55,60,62,68,71
115055196,4,7,8,13,16,18,21,25,29,34,35,42,43,44,57,59,68,74,75,76
115055197,2,3,4,10,18,22,25,29,41,42,43,47,54,57,59,69,71,73,74,77
115055198,4,6,10,11,12,22,23,26,29,42,44,52,54,60,64,67,68,71,75,80
115055199,2,16,17,18,19,26,29,32,33,44,45,47,48,49,50,56,59,68,76,79
115055200,3,19,23,26,27,30,32,35,37,38,48,50,51,60,65,69,72,74,77,78
115055201,6,11,13,18,28,32,33,37,39,40,48,52,59,62,64,66,68,73,77,79
115055202,2,3,6,7,8,12,15,16,17,33,35,44,46,48,54,62,64,70,72,76
115055203,2,3,6,12,13,15,18,21,22,23,24,36,42,50,53,54,65,67,70,78
115055204,10,12,16,25,26,32,33,38,41,44,52,56,57,63,64,66,67,72,74,79
115055205,1,6,8,9,10,11,15,24,27,37,40,41,63,65,67,68,70,78,79,80
115055206,2,3,16,20,24,28,34,35,38,41,42,43,46,51,52,57,66,68,72,76
115055207,3,13,24,40,41,42,43,48,51,54,56,57,60,61,62,64,65,69,71,78
115055208,12,16,18,19,20,27,28,29,30,44,47,48,59,61,62,63,67,75,76,78
115055209,5,8,14,17,19,28,30,41,42,43,44,50,51,54,55,58,66,75,78,80
115055210,1,4,6,12,20,21,22,27,28,37,39,42,43,56,59,63,65,68,73,75
115055211,3,6,7,9,12,16,25,30,33,35,39,40,42,48,54,59,60,61,78,80
115055212,3,10,15,19,25,32,35,36,38,40,50,57,65,66,71,73,75,76,77,78
115055213,1,3,4,6,16,18,19,20,38,46,48,49,53,62,66,67,71,73,74,77
115055214,6,10,16,24,25,27,29,31,35,37,39,43,44,45,46,54,55,64,72,73
115055215,8,11,12,14,15,20,27,31,38,40,41,45,60,61,62,63,68,71,79,80
115055216,2,4,6,7,14,19,22,26,30,31,36,37,39,41,44,53,55,66,74,75
115055217,3,4,6,16,18,21,29,33,36,41,45,46,49,50,52,57,62,64,70,80
115055218,1,3,6,15,17,18,21,23,25,27,29,44,46,48,53,58,68,69,73,75
115055219,1,4,6,7,10,25,30,36,40,46,48,57,59,66,68,72,73,75,76,78
115055220,10,11,19,32,34,36,37,39,42,44,45,48,50,58,63,65,66,68,70,74
115055221,2,4,6,8,9,17,19,33,34,35,43,50,52,53,55,56,65,72,77,79
115055222,3,11,15,18,20,22,23,30,31,33,35,36,42,45,50,51,58,63,72,79
115055223,7,13,14,21,23,24,27,39,41,42,47,48,50,51,56,64,66,70,78,79
115055224,2,4,10,12,13,18,26,30,40,43,51,54,55,57,58,61,62,63,72,77
115055225,3,7,8,10,15,16,17,19,23,25,37,43,52,57,61,62,63,72,76,80
115055226,1,3,7,18,22,24,26,28,31,37,39,45,47,53,55,64,66,71,76,80
115055227,3,10,13,17,24,27,34,35,45,48,51,52,53,55,56,69,73,74,77,80
115055228,9,11,12,20,21,26,32,34,35,37,38,41,43,48,53,58,59,60,61,63
115055229,9,14,23,27,30,31,32,35,38,40,47,48,51,62,68,69,70,74,75,80
115055230,4,5,7,10,22,23,27,30,34,36,38,46,48,52,55,56,66,68,69,72
115055231,2,11,13,17,27,29,31,32,35,36,49,51,54,59,64,68,74,76,79,80
115055232,1,2,6,13,16,20,24,25,26,28,29,40,48,52,53,54,60,63,65,76
115055233,1,5,6,7,14,17,18,20,21,28,36,47,58,62,66,67,73,74,76,79
115055234,1,9,15,16,17,20,23,24,31,43,48,52,54,55,58,60,69,76,78,79
115055235,2,11,15,23,30,33,35,36,38,40,43,44,45,47,52,62,71,72,75,79
115055236,7,14,15,16,17,26,27,31,40,41,42,43,54,60,62,68,73,75,79,80
115055237,6,9,13,22,23,24,26,30,32,35,36,39,41,51,54,63,65,67,69,70
115055238,1,6,7,10,18,22,25,33,35,48,51,52,55,58,59,63,69,70,74,78
115055239,1,8,13,14,16,26,29,34,37,43,52,55,59,62,63,70,72,74,75,78
115055240,5,7,15,16,21,22,24,27,33,41,44,45,48,51,59,62,64,67,68,72
115055241,3,5,9,11,17,23,26,29,34,39,41,45,47,51,55,56,62,72,76,78
115055242,2,4,11,13,14,17,18,19,20,24,34,42,50,51,56,57,58,60,61,64
115055243,5,9,11,12,13,17,19,23,26,28,32,38,41,44,46,53,65,66,75,76
115055244,6,10,13,15,21,23,25,27,28,38,40,44,46,53,58,60,62,65,66,71
115055245,7,9,22,23,24,26,28,37,39,44,45,49,51,55,56,59,63,72,79,80
115055246,6,9,15,16,19,34,35,36,37,50,51,57,60,62,65,67,71,75,76,80
115055247,3,5,10,19,21,25,27,33,39,40,44,48,49,50,51,53,55,57,69,75
115055248,1,12,13,16,18,19,22,25,27,28,35,36,41,45,48,50,56,66,69,80
115055249,3,4,7,9,10,11,12,13,15,23,24,27,32,44,45,47,56,58,63,70
115055250,4,5,9,10,12,14,17,25,27,29,37,42,45,47,57,59,68,70,73,75
115055251,1,5,9,15,25,27,28,38,43,45,49,55,57,61,63,64,65,73,77,79
115055252,5,8,10,13,17,20,25,26,31,39,45,46,53,57,58,62,65,67,73,75
115055253,3,5,11,13,15,16,18,28,30,32,37,44,45,46,50,51,55,62,79,80
115055254,1,5,7,9,19,20,21,29,32,34,35,36,43,51,53,54,59,63,64,80
115055255,1,2,7,8,10,12,15,17,24,35,36,38,40,47,59,60,65,69,78,79
115055256,3,4,5,7,17,18,19,22,23,35,38,40,52,53,58,61,64,70,76,77
115055257,4,7,10,15,27,34,35,36,37,45,46,49,52,54,55,67,72,76,77,78
115055258,5,6,9,12,19,22,23,24,25,28,33,39,47,50,51,56,60,68,75,80
115055259,4,6,12,17,27,30,32,37,41,43,44,55,60,65,66,69,70,72,77,79
115055260,4,5,10,16,19,21,34,41,42,43,44,47,49,53,57,70,71,72,76,77
115055261,1,5,6,8,9,10,14,20,21,28,29,32,40,44,48,54,56,65,69,72
115055262,1,2,11,12,14,19,20,29,32,51,55,56,60,69,70,71,75,76,78,79
115055263,7,12,13,16,17,18,20,27,28,30,31,34,36,44,52,57,58,67,70,71
115055264,7,12,15,22,23,24,27,30,34,38,39,43,48,50,55,59,62,63,64,76
115055265,2,7,9,14,26,29,30,37,38,46,49,50,53,54,56,61,68,72,78,79
115055266,3,7,9,14,17,31,33,35,36,38,40,51,55,59,61,63,69,70,78,79
115055267,1,4,9,13,16,17,19,26,33,39,42,44,45,46,48,52,60,68,77,79
115055268,3,9,11,14,17,20,25,28,29,34,39,43,47,53,54,55,56,63,72,76
115055269,1,11,13,14,16,22,25,26,29,37,38,44,45,47,51,52,62,63,66,79
115055270,3,7,11,14,19,24,26,27,29,35,36,37,42,45,48,51,53,56,59,80
115055271,3,5,9,14,15,30,31,32,33,38,44,48,49,56,58,60,65,68,70,71
115055272,1,6,9,18,19,20,25,35,38,43,45,49,54,57,58,63,68,71,74,75
115055273,2,14,17,20,22,23,27,40,44,45,47,49,51,54,55,57,60,74,77,79
115055274,1,3,7,14,20,29,30,31,34,35,38,39,46,47,51,57,60,62,63,71
115055275,7,12,15,19,20,29,42,44,48,50,51,56,57,59,63,65,75,77,79,80
115055276,3,13,16,20,21,26,31,34,36,39,47,54,57,58,61,66,67,68,78,80
115055277,1,2,8,9,10,11,12,13,24,25,26,36,45,50,52,56,58,60,78,80
115055278,1,6,11,15,22,36,37,42,44,46,54,56,57,60,64,66,73,74,77,78
115055279,5,6,7,16,18,19,24,29,30,31,36,39,48,50,60,62,64,71,76,79
115055280,3,6,7,12,15,17,25,26,27,40,50,52,54,55,58,60,62,74,75,77
115055281,1,6,8,19,20,24,27,28,30,36,44,45,46,50,52,58,59,67,69,73
115055282,3,8,11,12,15,19,20,27,35,36,39,41,55,57,59,60,64,71,75,76
115055283,1,5,8,13,22,36,38,42,43,44,49,50,54,55,62,68,69,70,75,76
115055284,6,9,12,14,16,17,26,32,35,37,45,48,49,52,56,62,65,66,67,78
115055285,2,9,14,15,24,43,45,51,53,57,58,62,65,66,67,69,72,74,78,79
115055286,4,5,11,14,24,29,30,35,44,45,46,49,51,52,54,55,57,66,76,80
115055287,4,7,9,18,20,23,30,39,42,44,48,52,58,59,61,65,66,71,72,77
115055288,2,4,8,10,12,14,15,18,23,29,32,36,42,43,47,50,55,57,64,73
115055289,1,5,10,13,22,25,27,30,33,34,41,43,44,48,53,54,58,61,67,73
115055290,4,6,9,11,15,19,21,25,26,29,31,32,33,39,47,48,52,56,61,68
115055291,2,4,8,9,11,12,20,32,34,36,38,59,60,63,64,66,67,70,77,80
115055292,1,3,8,9,10,14,17,25,30,33,40,41,42,51,53,62,68,69,74,78
115055293,3,6,12,16,17,25,27,34,38,40,42,46,47,53,54,56,58,65,66,68
115055294,4,5,11,14,18,21,25,26,34,38,40,44,48,50,59,60,62,66,75,77
115055295,5,6,8,18,22,26,29,31,35,44,48,52,57,60,65,70,72,76,77,79
115055296,9,10,12,17,20,27,33,38,41,42,46,52,54,57,62,68,69,77,78,80
115055297,6,10,13,17,19,21,22,31,33,36,38,41,43,48,50,58,59,61,79,80
115055298,4,5,9,13,21,29,34,36,38,41,43,47,49,50,52,57,61,69,76,78
115055299,4,5,9,14,19,21,23,25,29,31,43,44,48,54,56,58,62,66,72,78
115055300,2,3,6,8,9,13,14,18,20,30,35,37,40,42,46,47,54,61,70,76
115055301,5,7,12,13,20,25,26,28,32,37,44,49,53,57,59,61,63,72,75,80
115055302,3,5,8,13,16,19,20,23,30,34,35,39,42,51,57,59,61,69,72,73
115055303,1,13,23,28,32,39,40,45,47,49,59,60,62,66,67,69,74,76,77,79
115055304,11,13,15,19,23,24,25,30,31,39,45,47,54,55,69,72,74,77,78,80
115055305,2,8,12,15,18,23,26,34,36,39,42,43,46,48,58,60,62,68,76,79
115055306,2,3,6,9,15,18,23,27,28,34,35,36,37,39,40,46,57,61,74,75
115055307,8,11,22,23,28,32,33,34,35,43,44,45,48,50,53,56,63,64,66,71
115055308,3,7,10,14,16,18,21,24,25,27,34,38,41,48,50,51,57,58,61,74
115055309,3,8,10,14,26,33,34,40,41,42,47,51,59,61,62,65,67,68,71,79
115055310,2,4,5,8,11,13,15,19,21,31,35,37,41,44,46,55,56,60,61,65
115055311,2,6,13,15,17,18,21,24,25,29,33,37,40,43,49,54,69,72,74,80
115055312,1,2,5,9,10,12,14,18,24,26,34,35,36,38,43,44,46,49,53,65
115055313,4,7,12,15,18,19,36,41,49,53,55,57,59,63,67,68,70,73,74,80
115055314,5,6,10,11,17,23,26,27,37,39,42,47,48,49,52,62,67,68,77,80
115055315,8,11,19,21,22,26,28,29,33,36,39,42,49,53,58,60,71,76,77,80
115055316,3,4,12,14,19,22,29,34,35,37,43,48,51,53,58,63,70,71,74,79
115055317,3,6,7,8,23,27,31,32,35,40,42,53,56,57,63,67,68,70,74,76
115055318,2,9,12,14,15,17,18,28,38,39,42,43,49,50,57,60,67,68,73,74
115055319,7,8,9,18,23,26,32,43,44,47,52,54,55,60,62,65,67,68,71,76
115055320,4,7,14,17,19,22,29,30,33,36,50,52,53,56,60,70,72,76,77,80
115055321,1,3,4,7,8,28,32,34,37,44,47,51,52,54,56,57,64,67,76,80
115055322,2,6,13,15,17,18,20,23,24,29,41,49,50,51,56,60,61,71,78,79
115055323,1,10,13,14,15,16,17,22,27,43,48,56,64,69,70,72,73,76,78,79
115055324,4,6,10,11,22,25,32,39,45,51,53,54,56,63,64,65,66,76,77,79
115055325,3,8,20,21,23,28,34,35,37,43,47,48,49,53,54,62,65,67,68,80
115055326,9,10,12,17,18,27,28,37,42,43,57,61,63,65,67,68,69,75,76,79
115055327,14,22,24,28,38,44,45,46,49,50,53,58,63,64,65,67,70,75,77,78
115055328,1,3,5,11,13,17,22,24,27,30,32,41,47,50,51,52,56,59,70,76
115055329,3,5,8,12,13,24,25,31,33,36,38,40,41,50,56,57,58,61,64,65
115055330,2,15,17,19,21,22,24,29,30,33,39,40,41,49,52,54,62,69,76,78
115055331,1,5,8,11,12,19,26,34,35,40,43,44,47,51,58,62,67,70,73,74
115055332,2,4,5,6,7,9,16,23,28,31,36,37,41,44,52,53,55,56,63,65
115055333,5,9,12,24,30,33,35,37,44,50,53,58,64,65,66,67,70,74,78,79
115055334,5,7,8,9,11,13,14,20,23,28,31,33,37,44,51,55,58,59,61,65
115055335,3,8,11,12,14,20,23,24,30,33,38,39,50,52,59,60,61,67,73,75
115055336,7,18,23,28,33,34,35,37,40,43,48,53,55,61,62,69,71,75,77,78
115055337,7,10,12,23,26,28,32,33,37,39,41,49,51,53,57,59,61,72,74,77
115055338,3,6,12,18,19,23,27,28,38,39,41,44,48,49,50,51,58,59,68,70
115055339,4,8,12,13,22,28,33,37,44,46,47,54,57,58,60,64,65,76,78,80
115055340,1,3,8,10,14,20,25,33,43,47,52,56,59,60,62,67,70,75,76,77
115055341,10,12,21,23,24,27,36,38,41,42,45,51,55,58,63,65,67,70,75,77
115055342,14,21,25,30,33,37,40,41,43,46,50,55,61,62,64,65,71,73,75,76
115055343,6,9,13,14,18,19,21,23,26,34,37,39,51,54,58,63,66,69,71,76
115055344,2,5,13,14,16,20,28,31,32,34,37,47,50,53,67,69,70,76,78,79
115055345,2,4,7,15,17,18,26,36,41,42,45,49,52,53,55,61,64,65,75,80
115055346,2,7,13,18,22,25,28,29,30,35,36,37,60,61,63,68,72,75,77,80
115055347,1,3,5,11,15,19,21,22,28,31,36,40,41,47,50,72,73,74,76,78
115055348,2,5,6,7,13,20,21,31,35,42,43,48,53,59,64,67,69,71,76,77
115055349,1,3,17,19,21,23,24,30,32,35,36,48,52,54,55,59,60,67,72,80
115055350,7,9,13,16,19,28,33,35,41,42,51,52,56,58,59,61,69,74,78,79
115055351,10,14,15,17,18,20,25,34,44,46,50,56,61,62,66,70,72,76,77,78
115055352,4,6,11,15,16,29,30,32,36,38,43,45,46,56,61,63,66,75,76,80
115055353,1,13,18,20,21,25,29,30,31,32,33,34,37,39,43,49,57,58,70,77
115055354,6,9,10,11,14,15,18,31,36,42,47,48,52,56,62,64,66,69,70,74
115055355,2,3,5,8,16,19,21,22,25,35,39,48,50,57,59,62,66,67,78,79
115055356,5,8,11,18,19,21,23,24,30,32,38,42,43,46,58,64,67,70,75,79
115055357,2,5,6,7,12,13,18,28,29,31,37,39,43,48,51,53,57,60,64,67
115055358,3,5,6,11,13,16,18,20,21,23,33,38,43,44,50,61,62,66,76,80
115055359,4,6,9,10,11,14,24,25,30,31,32,36,44,49,51,54,55,71,73,78
115055360,2,4,7,10,11,13,15,17,32,33,44,50,51,55,58,64,67,73,76,79
115055361,2,3,5,6,16,19,21,24,25,31,37,45,51,52,54,62,64,65,71,77
115055362,1,2,14,15,18,20,21,31,35,40,45,48,53,61,67,69,70,73,76,80
115055363,1,9,22,24,27,35,36,48,49,50,52,54,56,59,64,65,72,73,74,75
115055364,3,8,14,16,19,22,25,26,28,30,34,38,40,43,47,54,60,65,73,76
115055365,7,12,17,21,22,23,27,31,36,41,42,45,47,48,51,52,60,72,74,75
115055366,4,5,11,13,18,22,24,30,35,37,40,41,48,52,53,56,57,60,63,70
115055367,3,11,12,13,14,20,30,32,44,57,59,60,61,64,66,67,71,72,77,79
115055368,1,10,17,18,20,23,24,27,29,30,34,38,40,50,54,57,61,65,70,71
115055369,1,5,9,12,14,19,23,29,31,33,35,37,47,50,51,53,68,71,72,78
115055370,3,12,14,19,21,22,32,33,38,40,41,49,55,58,59,62,67,73,74,75
115055371,2,4,9,10,14,19,25,27,31,51,53,61,65,66,67,70,71,72,74,76
115055372,3,5,13,17,24,27,31,33,35,39,45,47,48,53,56,60,62,65,66,76
115055373,4,6,10,18,19,20,21,33,36,44,45,48,49,55,56,57,66,75,77,78
115055374,10,19,26,27,34,37,40,41,44,46,48,56,57,61,62,63,64,68,76,80
115055375,4,13,16,23,24,25,27,29,34,36,39,40,45,46,50,53,57,68,71,76
115055376,1,11,22,24,26,28,33,38,40,41,48,49,52,54,57,61,66,67,75,76
115055377,1,7,11,14,18,25,27,29,35,36,38,41,47,56,60,66,69,76,78,79
115055378,6,8,18,20,25,26,28,30,43,46,52,59,61,63,64,65,69,74,75,80
115055379,3,8,11,18,20,27,29,36,39,45,49,50,57,59,60,65,68,71,73,75
115055380,2,4,7,9,11,21,26,28,30,31,35,38,39,42,48,52,63,70,76,79
115055381,2,5,13,19,20,25,26,29,30,33,37,39,43,45,46,58,63,64,77,79
115055382,8,12,18,19,23,24,29,32,34,37,38,40,50,63,65,68,70,72,76,80
115055383,6,9,16,18,19,21,40,47,49,52,54,55,62,63,68,69,74,77,78,79
115055384,3,17,18,24,26,28,37,42,46,55,56,58,59,60,68,69,73,74,77,78
115055385,1,4,8,19,20,23,24,27,35,36,39,51,55,56,58,60,64,65,73,74
115055386,5,11,17,19,33,34,37,40,41,46,47,56,59,61,63,64,66,68,78,80
115055387,3,12,24,25,27,28,36,46,48,50,53,54,55,56,65,69,70,75,77,78
115055388,5,6,12,13,18,22,27,30,40,41,47,49,53,54,57,60,64,67,75,76
115055389,4,5,6,9,11,15,18,20,21,27,36,38,42,44,56,60,65,67,69,76
115055390,9,16,19,21,24,26,29,31,38,40,48,49,50,60,61,65,67,70,74,76
115055391,3,5,8,9,11,14,15,17,23,26,27,30,35,40,44,52,58,64,68,77
115055392,3,5,7,13,14,17,19,21,22,23,27,37,45,49,54,58,67,71,78,79
115055393,2,8,9,10,13,14,26,39,40,41,46,53,54,58,59,60,70,71,75,77
115055394,1,13,16,18,19,24,26,28,30,34,38,40,48,53,58,67,70,72,77,80
115055395,1,3,4,10,13,18,20,27,30,35,36,40,47,57,62,64,65,70,78,80
115055396,12,16,18,23,30,31,35,36,38,40,42,45,48,51,55,58,65,67,68,71
115055397,2,4,5,6,7,8,12,21,25,29,34,38,39,45,51,52,57,65,67,74
115055398,3,5,11,13,14,28,29,30,31,41,47,49,51,57,59,64,67,68,77,80
115055399,6,8,9,15,17,33,36,37,38,41,47,48,49,52,55,58,59,60,66,74
115055400,3,4,7,12,15,16,17,19,25,28,34,49,54,59,60,64,65,68,73,75
115055401,14,16,20,22,34,35,38,43,45,49,51,57,58,61,64,66,67,70,72,74
115055402,7,8,10,11,19,20,21,22,33,42,43,50,51,52,56,58,61,66,69,74
115055403,7,12,13,16,17,19,22,26,27,33,34,38,42,46,51,55,62,71,76,78
115055404,10,12,13,14,20,26,33,34,40,43,50,51,61,62,64,66,69,72,79,80
115055405,3,6,8,11,16,20,22,24,30,33,34,35,41,42,46,56,57,58,59,65
115055406,1,2,6,17,19,23,32,37,42,46,48,49,56,59,67,68,70,74,77,80
115055407,3,4,8,15,28,33,38,44,45,46,48,54,56,59,62,71,72,74,77,79
115055408,5,7,8,9,12,14,17,24,25,26,27,37,39,40,52,53,54,58,61,65
115055409,3,5,6,11,18,24,27,31,32,33,44,46,47,51,52,57,64,67,69,72
115055410,3,7,10,11,15,21,37,39,50,51,54,57,58,61,64,65,67,71,73,79
115055411,4,15,18,21,22,25,26,28,41,44,47,51,56,57,58,60,66,69,75,79
115055412,1,2,4,5,17,31,32,36,44,45,50,59,60,64,73,74,75,76,77,78
115055413,7,10,11,16,24,25,28,38,48,53,56,59,64,66,68,70,72,73,75,76
115055414,2,10,11,12,14,20,26,27,31,33,36,41,50,53,54,56,66,68,72,79
115055415,18,20,28,30,35,40,41,43,44,47,48,52,54,61,63,64,71,74,76,77
115055416,1,3,8,12,20,21,27,34,48,51,52,56,59,60,68,69,70,74,77,79
115055417,2,3,4,5,7,9,15,19,20,28,39,41,46,61,65,68,72,75,76,78
115055418,1,3,4,7,9,17,18,30,32,34,35,37,42,48,51,59,61,66,70,76
115055419,18,21,22,29,31,36,37,38,41,44,46,49,50,52,53,61,70,75,76,80
115055420,1,2,3,5,11,14,16,17,21,25,26,28,29,31,32,36,47,50,51,75
115055421,1,2,6,10,13,15,32,36,37,39,42,43,53,57,59,66,67,76,77,78
115055422,2,11,13,18,31,34,39,41,45,46,50,53,57,62,65,66,71,74,77,78
115055423,1,3,4,7,28,32,33,34,40,45,52,53,58,59,60,66,67,73,74,80
115055424,3,4,11,12,18,29,32,36,37,44,46,49,50,51,53,56,57,71,76,80
115055425,6,19,20,25,26,30,35,36,37,38,46,48,54,55,66,67,68,73,74,79
115055426,2,6,7,11,13,16,17,18,20,21,25,30,31,34,43,48,55,61,66,78
115055427,3,5,7,9,11,17,25,26,30,38,39,44,46,51,54,55,59,63,73,78
115055428,11,12,15,20,26,29,31,33,35,36,37,38,48,53,54,59,60,61,63,67
115055429,8,10,11,16,20,23,28,29,31,33,37,45,46,51,54,56,63,73,75,76
115055430,1,4,11,16,17,18,19,20,21,25,30,31,38,39,43,57,58,59,64,74
115055431,5,6,8,13,14,16,20,27,29,30,31,43,46,48,50,52,54,56,65,77
115055432,6,9,12,16,18,27,30,33,41,43,44,47,49,50,54,62,63,65,66,73
115055433,1,5,6,17,19,20,24,25,26,28,33,36,41,44,54,57,66,67,76,80
115055434,6,11,13,14,15,16,20,28,30,32,35,36,39,50,55,57,58,67,69,77
115055435,4,19,25,26,28,32,33,43,46,47,49,51,58,59,60,62,66,74,79,80
115055436,12,13,17,19,20,32,33,34,36,40,42,43,45,60,62,65,68,71,75,79
115055437,9,11,14,16,20,30,33,41,42,43,46,53,55,59,62,65,71,73,77,78
115055438,6,8,10,12,15,18,19,20,24,27,28,35,41,49,53,63,67,69,76,78
115055439,1,5,7,13,14,18,19,22,23,25,31,33,36,38,46,63,65,73,75,79
115055440,2,5,9,10,12,15,31,33,34,35,44,49,53,56,66,71,72,75,76,78
115055441,2,7,8,18,20,29,30,40,47,50,62,64,67,69,70,72,73,74,76,77
115055442,2,5,8,13,14,17,21,22,30,33,43,44,47,53,55,62,64,70,77,80
115055443,3,6,9,10,12,18,19,20,32,33,35,36,37,41,45,52,54,56,70,72
115055444,14,16,17,19,25,28,32,35,43,45,46,47,53,58,59,63,68,70,73,75
115055445,1,3,14,15,17,25,30,32,39,41,52,54,55,56,62,64,66,71,72,74
115055446,6,7,9,16,21,24,30,32,36,38,40,43,44,47,50,51,55,63,75,79
115055447,5,7,10,13,15,22,23,27,28,31,34,39,46,48,51,52,61,65,74,77
115055448,1,3,7,13,21,24,28,32,35,36,37,40,45,50,52,53,55,61,76,79
115055449,5,11,16,22,25,29,31,32,34,42,43,45,49,50,51,57,64,65,74,80
115055450,3,4,7,9,10,11,15,17,22,24,25,30,31,48,49,59,63,64,77,79
115055451,1,3,8,9,11,26,29,34,35,38,39,42,45,50,56,65,67,73,78,79
115055452,1,2,3,7,12,16,21,22,29,30,32,34,37,38,47,49,50,53,55,70
115055453,1,2,16,24,29,31,37,39,41,42,46,51,52,53,57,58,61,62,66,73
115055454,3,11,13,15,22,31,32,39,42,43,44,48,51,52,64,73,76,78,79,80
115055455,4,8,9,11,13,14,16,18,19,20,24,29,38,55,57,58,67,74,76,80
115055456,4,7,9,12,14,22,27,31,34,35,41,44,51,61,62,69,71,72,75,80
115055457,5,10,11,18,22,25,30,32,33,36,37,38,42,43,44,58,60,61,67,74
115055458,3,4,15,18,21,25,30,38,41,42,44,45,47,48,49,50,54,56,66,68
115055459,6,14,15,23,26,27,28,34,38,42,46,47,52,58,63,64,65,71,73,75
115055460,4,6,19,23,26,29,31,33,34,35,36,38,45,47,48,50,60,69,74,80
115055461,3,5,6,8,18,22,25,33,36,38,46,48,50,53,56,57,59,66,68,72
115055462,1,5,6,13,14,16,20,23,25,26,30,35,39,49,58,60,61,63,64,71
115055463,1,3,5,10,11,19,20,24,37,43,46,48,52,56,57,65,68,69,71,73
115055464,1,6,12,13,16,24,25,32,39,43,44,48,51,53,61,63,68,69,70,75
115055465,5,12,16,17,19,26,28,29,43,55,59,62,63,64,66,69,70,72,77,78
115055466,3,6,9,11,12,16,18,21,29,31,35,38,40,43,44,48,54,60,78,79
115055467,1,5,24,30,31,41,42,43,45,49,53,56,61,65,68,71,72,78,79,80
115055468,4,7,8,12,13,19,21,25,29,30,31,34,37,42,46,50,52,55,66,71
115055469,4,7,10,16,20,22,23,24,27,36,38,42,44,48,51,58,59,60,65,80
115055470,3,4,5,19,24,27,32,33,34,38,42,46,48,50,55,59,61,62,69,74
115055471,1,4,6,11,15,18,31,33,35,36,42,48,52,53,55,62,69,72,75,78
115055472,1,5,7,14,15,21,22,23,27,29,37,55,60,61,65,67,70,71,73,78
115055473,5,6,10,17,21,23,27,29,31,50,51,53,55,58,61,65,67,73,78,80
115055474,19,22,23,24,27,29,32,34,37,39,41,44,51,56,59,62,65,68,73,74
115055475,14,16,22,27,30,31,32,33,34,39,44,45,46,48,49,63,70,72,74,76
115055476,4,9,10,13,14,17,21,26,31,36,39,40,42,47,60,63,66,69,73,77
115055477,7,11,21,30,36,37,39,42,43,45,46,50,51,54,61,65,67,69,78,80
115055478,6,12,13,19,25,38,43,46,48,52,58,60,64,68,70,73,74,76,77,79
115055479,5,8,12,14,15,17,24,27,29,30,31,32,37,45,47,55,58,59,74,75
115055480,3,7,9,10,13,22,23,25,29,32,36,38,39,53,56,66,69,70,75,77
115055481,1,2,11,20,22,28,33,34,38,41,44,50,52,55,63,64,66,71,73,76
115055482,1,4,7,8,9,16,24,27,32,33,36,42,43,50,53,54,59,61,62,68
115055483,10,16,23,25,28,33,39,41,45,47,49,57,60,63,68,69,71,73,76,80
115055484,1,2,5,10,25,29,34,36,37,45,46,53,56,60,61,62,64,65,73,78
115055485,1,2,4,8,9,11,12,16,22,33,36,40,41,48,51,54,59,71,73,76
115055486,11,13,18,25,28,31,35,42,44,51,52,55,60,64,66,75,76,77,79,80
115055487,14,20,26,30,35,38,40,41,42,47,48,50,51,52,53,58,63,64,73,80
115055488,1,5,9,13,16,22,36,40,42,45,46,48,58,61,62,67,70,71,74,80
115055489,5,7,15,17,31,34,36,37,41,50,56,58,59,61,62,63,65,72,78,80
115055490,3,14,15,16,17,18,21,30,31,48,54,58,62,64,67,69,72,74,77,79
115055491,5,6,10,11,30,38,42,44,51,59,62,63,64,65,67,69,73,76,77,80
115055492,4,6,8,9,17,23,24,26,27,33,34,36,43,45,49,52,61,66,73,74
115055493,5,12,13,16,19,20,22,30,32,46,53,57,58,59,62,65,69,71,72,77
115055494,1,4,6,7,19,23,33,39,40,43,48,49,52,61,62,66,72,74,77,79
115055495,7,10,12,14,16,17,21,33,40,42,44,46,56,63,68,69,72,75,77,79
115055496,1,2,7,13,15,22,33,34,35,36,37,41,63,65,69,71,73,74,77,78
115055497,6,8,9,10,11,12,16,26,27,29,31,35,38,39,42,44,47,74,78,79
115055498,6,9,13,20,35,39,41,42,43,45,47,48,53,56,59,60,64,69,73,74
115055499,3,6,9,10,11,13,16,24,28,33,36,39,47,50,51,54,61,62,72,73
115055500,1,13,15,18,21,22,23,32,40,49,51,54,55,60,65,66,71,76,77,78
115055501,10,14,24,25,26,30,34,35,37,48,54,57,62,63,67,73,74,76,78,80
115055502,2,7,13,20,25,26,32,33,36,37,38,40,45,48,52,53,56,62,63,73
115055503,4,8,9,10,11,13,15,19,42,43,46,48,51,61,68,71,73,74,75,76
115055504,1,5,6,9,12,13,16,20,33,37,39,45,49,50,54,55,57,59,62,64
115055505,1,5,6,9,14,21,28,30,31,32,36,41,47,49,56,65,66,72,76,77
115055506,15,18,23,28,30,39,40,42,46,48,51,56,57,60,63,65,69,76,77,79
115055507,1,2,5,23,27,28,29,30,32,33,37,51,56,59,60,69,71,74,78,79
115055508,1,4,5,12,16,23,25,27,28,29,33,39,44,50,53,58,59,70,75,78
115055509,1,10,22,26,28,30,32,34,37,39,42,43,50,51,52,59,60,68,70,76
115055510,6,14,18,29,33,37,38,39,43,48,49,52,54,56,57,64,67,69,72,76
115055511,1,3,14,19,21,30,31,42,44,45,58,61,63,64,67,69,71,72,74,78
115055512,3,5,9,12,16,25,29,30,32,33,36,38,47,56,58,59,60,66,69,70
115055513,1,7,8,13,16,22,23,26,38,42,46,49,50,54,59,69,70,74,78,79
115055514,9,10,11,13,15,16,25,26,32,34,49,51,53,55,58,65,66,67,69,72
115055515,3,4,5,7,12,15,17,22,24,25,28,38,43,48,57,59,64,66,68,75
115055516,1,7,9,16,18,26,28,35,37,42,44,49,53,56,59,65,66,73,77,79
115055517,5,6,11,15,24,27,30,34,38,42,46,47,53,56,63,65,67,68,74,78
115055518,7,8,11,13,22,24,26,27,31,32,39,41,45,49,52,57,61,62,65,74
115055519,14,17,18,19,22,28,29,32,33,36,38,52,53,56,62,70,71,77,79,80
115055520,13,15,25,26,29,31,34,35,45,46,48,54,57,63,64,65,66,67,68,71
115055521,3,4,15,17,21,27,28,35,42,50,51,52,54,61,65,70,71,74,75,78
115055522,1,7,8,12,13,16,17,22,27,32,33,39,41,48,54,59,64,70,73,79
115055523,2,6,7,12,13,14,22,30,31,34,35,37,39,46,47,52,54,58,64,74
115055524,2,3,5,6,9,10,22,24,26,41,49,54,61,63,64,67,68,70,77,80
115055525,1,7,16,18,23,24,25,41,44,45,47,56,61,62,66,70,71,73,75,78
115055526,7,15,22,27,32,33,34,35,37,38,42,47,55,61,63,71,76,77,78,80
115055527,6,7,21,25,29,32,33,35,36,38,40,42,44,45,48,55,60,61,64,77
115055528,6,11,16,21,23,27,28,30,34,38,41,43,44,56,57,60,62,70,74,78
115055529,12,13,15,17,23,25,32,33,35,36,40,51,53,54,56,61,71,76,77,78
115055530,4,6,10,17,18,28,31,32,33,36,41,42,44,50,52,53,56,67,71,76
115055531,1,4,11,14,15,16,23,24,25,33,36,42,46,48,50,54,56,69,74,76
115055532,2,4,8,10,11,12,13,15,28,34,35,40,42,44,46,51,61,63,74,79
115055533,3,5,6,9,11,19,20,21,26,28,39,42,53,54,55,61,67,68,71,75
115055534,4,7,11,16,17,22,24,25,26,30,33,36,43,46,54,56,57,60,66,80
115055535,1,4,8,12,13,17,20,21,23,25,26,33,39,47,51,54,57,65,77,80
115055536,1,5,7,11,12,18,27,33,47,51,54,55,60,61,65,67,73,74,77,80
115055537,10,12,13,18,22,24,26,36,39,40,44,46,50,56,65,70,74,76,78,80
115055538,1,6,10,15,18,38,39,43,53,54,55,59,60,65,66,70,74,76,78,80
115055539,1,3,4,10,18,20,21,27,32,34,36,37,53,61,62,68,71,72,73,80
115055540,2,4,9,10,16,17,18,20,23,24,28,47,52,54,62,64,72,73,77,79
115055541,8,10,14,22,30,31,38,41,48,51,53,54,56,57,58,61,63,66,76,80
115055542,2,4,17,24,29,30,35,36,39,46,47,49,51,53,57,64,69,70,75,78
115055543,4,9,12,14,17,19,21,22,28,29,38,40,46,49,50,57,60,62,72,76
115055544,2,3,5,8,12,22,24,25,26,30,32,37,39,43,47,48,53,62,65,80
115055545,4,5,12,13,21,22,24,25,28,33,39,42,55,60,64,67,70,72,77,78
115055546,6,14,18,19,20,25,30,31,33,35,38,45,46,49,53,54,61,66,67,79
115055547,3,5,7,10,29,31,35,37,45,48,52,60,61,66,67,68,76,77,78,79
115055548,1,2,5,7,8,11,16,17,31,35,38,39,57,60,63,67,70,76,78,80
115055549,11,13,16,17,21,29,32,34,41,47,52,56,57,60,62,65,66,73,74,79
115055550,3,4,6,9,12,13,19,23,32,34,35,36,41,43,46,53,68,69,73,79
115055551,3,7,8,11,26,27,30,38,39,45,47,48,54,58,62,67,69,70,74,78
115055552,7,8,16,17,19,20,26,28,29,33,36,45,51,53,60,63,71,73,75,76
115055553,5,8,12,22,23,27,30,32,38,39,43,45,52,57,61,62,65,66,67,69
115055554,10,14,18,21,24,29,39,40,46,48,49,56,58,60,64,66,68,71,75,80
115055555,2,4,5,9,13,21,29,34,38,43,47,50,55,60,62,64,67,77,78,80
115055556,5,7,9,14,15,16,22,29,30,46,47,49,50,51,54,59,61,64,71,79
115055557,1,5,12,13,15,21,26,31,33,36,38,39,41,47,51,58,60,62,75,76
115055558,4,9,13,17,20,23,28,40,48,52,55,61,62,63,64,65,68,70,71,74
115055559,1,9,10,12,16,18,27,29,31,34,36,39,41,46,54,57,62,63,73,77
115055560,1,10,12,19,22,26,28,32,38,45,47,49,51,53,54,57,59,65,66,75
115055561,1,3,7,8,16,19,22,27,40,43,47,53,59,62,63,66,69,70,72,78
115055562,3,5,6,16,20,21,24,32,36,38,40,49,54,56,59,63,69,73,74,78
115055563,3,10,13,19,26,28,30,34,42,44,45,50,52,53,58,59,65,66,74,77
115055564,5,8,10,17,22,28,29,30,38,40,46,47,53,54,64,66,75,76,78,79
115055565,2,3,17,20,25,27,29,30,36,40,41,42,49,61,65,67,69,70,72,80
115055566,2,3,4,10,12,17,18,27,28,30,41,44,46,49,59,62,65,71,72,75
115055567,1,9,18,19,25,28,30,33,37,43,44,49,52,55,56,58,63,66,78,79
115055568,1,3,5,12,21,22,31,33,36,37,38,40,49,52,56,58,63,72,73,74
115055569,4,6,13,18,22,23,30,34,40,44,46,50,52,55,59,60,69,70,71,79
115055570,1,5,14,20,27,31,33,34,39,46,52,56,59,60,66,71,73,74,77,80
115055571,9,17,19,24,26,28,32,35,47,49,51,52,54,56,57,65,68,77,79,80
115055572,1,5,15,16,18,21,27,29,32,40,41,42,43,46,50,52,68,70,72,77
115055573,3,9,10,15,17,32,34,46,49,56,61,63,67,68,69,70,75,76,78,80
115055574,1,9,10,12,19,21,27,31,38,41,42,43,44,48,56,57,60,61,69,80
115055575,1,10,11,13,24,26,27,29,42,45,47,50,54,55,58,60,61,70,74,75
115055576,4,8,19,21,24,25,28,30,32,35,36,40,58,61,64,70,72,73,77,80
115055577,1,2,3,5,12,14,16,22,24,25,34,41,46,58,59,62,64,69,73,80
115055578,2,6,17,18,20,25,26,27,30,31,35,45,48,50,57,59,60,69,71,72
115055579,3,8,10,15,16,23,26,28,29,39,43,45,49,52,59,61,64,67,72,77
115055580,3,15,16,17,20,24,25,27,30,34,37,40,45,46,48,49,50,52,68,74
115055581,6,7,10,15,16,17,18,24,31,32,40,41,42,50,58,68,69,76,78,79
115055582,10,17,18,19,21,27,28,30,35,36,39,42,46,47,55,67,75,76,79,80
115055583,2,9,11,12,15,17,18,22,29,32,33,43,49,55,65,66,70,71,76,80
115055584,5,9,16,20,23,24,27,30,37,38,39,50,56,57,60,61,64,69,70,74
115055585,3,5,12,15,26,29,34,43,44,45,49,53,55,58,60,67,68,69,73,77
115055586,2,5,12,17,22,23,27,28,29,36,38,40,56,57,58,62,68,69,78,79
115055587,13,15,16,22,25,28,30,39,42,43,45,47,53,54,61,62,67,69,71,80
115055588,2,4,7,9,11,13,14,17,18,29,34,36,40,48,50,55,63,65,74,77
115055589,2,8,10,13,20,21,24,28,31,35,40,41,46,49,53,55,58,61,64,77
115055590,2,8,10,17,22,29,31,32,34,35,37,38,43,45,47,52,53,60,64,74
115055591,2,3,6,11,13,17,18,19,25,37,40,44,47,53,55,60,62,67,68,80
115055592,7,14,17,21,22,29,32,39,40,41,47,50,52,55,56,59,63,69,70,73
115055593,11,12,14,16,22,24,29,30,33,34,40,49,54,57,61,64,65,66,72,77
115055594,4,7,15,16,21,23,24,28,32,35,37,40,42,56,57,59,60,72,75,79
115055595,5,16,26,27,28,32,33,36,44,47,54,57,58,59,60,62,66,69,78,79
115055596,4,6,7,19,22,23,25,30,31,33,38,39,44,45,57,59,61,62,64,66
115055597,4,8,14,16,21,22,24,39,40,43,45,50,52,54,56,57,59,60,64,77
115055598,6,11,12,14,16,18,26,32,37,38,40,48,50,53,65,70,71,73,76,79
115055599,2,4,5,10,11,12,14,16,23,32,37,39,42,47,51,62,64,67,70,75
115055600,8,9,15,17,25,35,36,40,41,43,47,51,54,57,60,64,67,73,74,79
115055601,3,10,20,22,30,31,32,34,37,38,42,46,52,54,55,58,63,74,75,79
115055602,6,10,11,13,18,20,24,25,26,30,40,43,44,45,49,57,58,71,73,74
115055603,1,3,5,8,13,17,19,25,30,31,35,37,44,46,50,53,60,63,70,72
115055604,3,4,5,13,16,29,31,36,37,39,45,46,49,51,56,57,60,62,65,71
115055605,1,2,7,13,16,21,23,24,32,35,40,42,43,50,54,55,57,60,65,68
115055606,5,7,9,15,16,17,19,20,22,29,42,50,54,59,62,63,71,72,78,80
115055607,2,7,21,29,31,33,35,38,42,45,47,48,49,50,61,64,67,71,77,78
115055608,4,5,8,15,18,23,29,33,38,39,43,47,52,55,56,62,64,72,74,80
115055609,11,13,14,18,19,21,23,27,30,31,35,38,40,43,45,46,58,67,72,80
115055610,2,4,7,8,12,13,16,22,25,28,34,35,38,42,51,54,55,62,74,76
115055611,3,9,12,13,19,20,21,25,39,43,53,54,58,59,60,62,66,67,68,74
115055612,4,5,9,10,16,20,22,24,28,29,32,38,44,55,59,70,74,76,77,80
115055613,1,7,10,16,19,22,24,32,33,36,40,41,47,48,54,58,63,66,70,74
115055614,2,7,8,13,17,18,26,31,38,39,40,41,42,48,51,52,54,69,72,79
115055615,2,6,19,20,23,25,31,39,40,41,44,51,52,53,64,65,75,77,78,80
115055616,1,2,16,19,22,25,29,31,34,35,37,39,41,43,49,59,66,68,79,80
115055617,2,5,7,13,17,19,31,34,36,50,51,53,54,56,65,68,69,73,74,75
115055618,24,25,33,34,38,40,47,49,54,56,57,59,64,68,70,74,75,78,79,80
115055619,8,9,19,20,21,24,27,28,30,33,34,35,38,45,47,49,58,65,67,74
115055620,8,12,18,21,28,29,34,43,46,57,58,63,64,65,68,69,74,75,77,79
115055621,1,9,13,17,19,20,25,36,45,46,48,50,51,52,54,56,65,66,71,80
115055622,2,11,17,18,29,31,33,34,36,41,45,48,52,55,57,65,68,72,76,80
115055623,2,6,8,22,24,29,34,35,41,53,58,59,61,65,68,69,71,75,77,80
115055624,4,5,8,10,17,21,28,30,31,36,39,43,44,51,59,63,69,70,78,80
115055625,5,6,8,10,19,33,42,45,46,47,50,51,53,57,67,71,72,73,76,80
115055626,3,8,10,12,15,22,25,32,34,39,42,43,57,62,63,65,69,75,79,80
115055627,1,8,11,23,27,28,40,44,52,53,58,60,64,67,71,73,74,75,77,79
115055628,5,12,15,19,26,37,40,43,45,48,51,52,63,64,68,71,73,74,76,79
115055629,2,9,12,15,23,26,31,32,36,37,44,59,63,64,66,72,73,74,77,80
115055630,2,3,4,12,13,15,17,20,29,38,40,42,43,45,48,54,59,65,79,80
115055631,6,11,23,24,25,28,29,33,35,43,45,51,55,58,59,62,64,67,69,74
115055632,3,6,11,15,16,21,24,29,35,36,38,41,43,44,51,56,57,62,74,77
115055633,3,10,16,18,22,26,29,30,35,37,38,39,48,59,64,68,70,71,72,76
115055634,16,19,23,24,27,29,31,38,39,40,41,43,50,52,59,63,64,67,70,75
115055635,2,5,8,10,18,22,24,29,30,32,38,41,44,46,47,52,56,60,75,78
115055636,1,6,8,15,17,25,31,33,34,43,46,47,52,53,55,57,58,62,63,73
115055637,1,3,7,12,19,27,30,31,36,38,47,49,51,57,64,70,72,73,74,80
115055638,1,4,5,11,13,19,23,26,31,32,33,51,53,56,65,68,69,77,78,79
115055639,6,15,24,28,29,30,31,40,41,44,48,52,53,60,61,64,69,74,75,77
115055640,1,5,13,14,18,23,24,26,27,29,35,38,48,51,69,70,73,75,78,79
115055641,1,4,8,15,21,23,35,44,47,48,53,54,55,58,60,63,65,67,71,73
115055642,6,7,8,11,13,18,20,26,28,40,45,47,60,65,66,68,69,70,71,79
115055643,1,7,10,14,15,24,27,32,34,40,45,46,49,55,61,62,67,73,75,80
115055644,1,5,9,10,14,15,21,23,33,38,40,41,42,46,47,51,56,60,69,77
115055645,7,12,16,17,21,23,24,33,44,45,47,56,58,59,60,66,67,74,79,80
115055646,5,9,10,11,13,26,35,40,42,48,50,53,56,59,62,66,67,70,71,80
115055647,3,4,12,22,23,25,29,34,42,49,51,52,59,67,68,69,70,72,73,78
115055648,3,6,17,25,34,43,45,46,47,49,53,56,60,64,65,67,70,74,78,79
115055649,1,11,13,16,21,23,28,33,34,40,46,51,56,63,64,67,68,71,74,80
115055650,2,24,26,31,37,39,40,43,45,47,49,50,52,53,58,70,72,73,78,80
115055651,2,4,10,13,14,20,22,24,30,33,37,42,43,44,46,47,53,57,76,80
115055652,1,8,10,11,14,18,35,37,39,43,46,56,62,69,71,72,75,76,77,80
115055653,2,7,11,12,15,26,30,34,35,39,40,43,45,50,55,56,60,61,66,79
115055654,4,7,15,20,24,26,29,32,34,35,38,44,47,49,52,57,61,63,72,79
115055655,3,4,5,15,23,27,30,38,41,55,58,59,63,64,66,74,76,77,78,79
115055656,8,10,13,17,22,25,26,27,31,41,44,45,47,52,55,57,59,62,63,65
115055657,3,7,10,12,14,15,16,22,26,29,31,38,40,47,52,57,58,66,67,77
115055658,13,17,18,19,20,26,29,34,42,45,47,49,50,51,54,58,63,64,66,67
115055659,1,4,6,20,23,28,45,48,51,56,57,58,59,61,62,68,69,70,71,73
115055660,3,9,14,19,24,28,36,43,45,46,47,48,58,59,65,66,70,72,73,74
115055661,4,5,6,12,13,16,17,28,29,30,33,36,37,48,55,56,64,65,66,70
115055662,2,13,16,22,37,43,45,54,55,57,59,60,61,66,67,70,72,73,77,79
115055663,8,13,20,23,24,34,35,36,40,42,46,50,53,54,57,60,61,68,69,80
115055664,2,3,11,17,26,30,32,38,45,51,53,55,58,63,65,66,69,75,77,78
115055665,2,15,18,20,21,22,30,33,34,35,36,37,38,42,46,51,59,66,69,80
115055666,2,3,7,15,18,20,21,26,27,35,37,39,41,56,62,63,65,74,76,79
115055667,1,4,13,19,20,27,39,50,53,54,55,57,61,64,65,66,68,72,73,74
115055668,5,7,15,16,17,19,20,29,31,45,46,52,54,55,65,70,71,75,78,79
115055669,4,5,14,23,25,32,33,34,41,46,48,55,59,64,66,67,69,70,77,80
115055670,5,7,9,10,11,17,21,23,24,25,30,35,40,41,50,51,54,68,70,75
115055671,1,7,8,15,17,18,19,20,24,31,39,40,44,52,57,58,61,67,73,78
115055672,3,5,16,21,22,24,27,28,33,37,38,39,47,51,54,61,66,67,73,78
115055673,4,5,18,20,23,25,26,38,40,42,46,47,48,49,59,73,75,76,78,79
115055674,7,18,21,22,26,29,35,37,41,42,44,48,50,51,63,64,70,75,76,77
115055675,14,16,18,22,24,33,35,38,41,43,47,49,52,53,54,56,58,69,70,75
115055676,1,4,6,9,13,15,17,23,29,30,36,37,47,50,55,57,65,67,68,73
115055677,2,6,13,17,19,21,24,28,29,31,36,37,40,41,49,59,66,71,77,79
115055678,1,2,11,12,14,24,26,27,28,30,35,39,44,46,47,54,63,69,71,77
115055679,3,5,7,9,11,16,19,20,27,30,32,36,37,39,40,53,59,61,68,72
115055680,5,7,8,13,19,22,27,31,33,35,39,41,44,51,55,59,60,64,72,77
115055681,1,4,9,11,17,23,35,37,38,41,42,47,51,52,60,62,64,65,71,75
115055682,2,6,15,19,27,28,30,32,33,37,39,44,50,51,53,58,68,70,71,75
115055683,3,6,13,15,23,30,33,34,37,42,43,44,46,52,54,55,60,65,68,73
115055684,11,14,16,21,28,29,31,32,37,38,44,51,52,54,62,63,70,72,74,78
115055685,5,11,14,16,18,24,33,34,36,38,41,58,59,60,64,72,73,77,78,80
115055686,3,6,7,9,11,15,16,18,20,21,24,25,26,28,37,41,65,69,72,79
115055687,1,2,6,7,8,9,14,19,26,31,32,34,38,39,44,51,60,63,71,76
115055688,3,5,6,11,15,18,24,28,41,42,43,44,45,47,49,54,56,61,74,79
115055689,2,9,18,19,20,23,27,39,40,47,48,51,54,61,65,67,70,73,78,79
115055690,2,8,9,11,12,18,32,33,44,46,54,59,62,63,66,67,68,74,75,78
115055691,2,5,10,12,13,15,16,20,24,34,38,45,55,56,57,58,61,63,73,76
115055692,3,14,17,20,21,22,25,26,31,38,48,52,53,56,61,65,69,77,78,79
115055693,2,3,5,10,11,16,20,26,28,30,32,44,62,66,70,72,73,74,75,76
115055694,4,6,12,13,18,28,29,36,37,42,48,53,59,60,62,68,70,72,74,78
115055695,4,5,7,12,17,19,20,21,33,34,41,45,49,53,58,65,66,68,75,78
115055696,4,6,8,15,19,22,24,29,36,41,42,48,53,55,57,61,66,70,74,77
115055697,3,5,7,12,15,23,27,28,37,39,43,44,48,57,58,60,61,68,74,77
115055698,3,4,6,7,11,17,23,24,29,33,35,38,53,57,59,64,70,73,75,77
115055699,10,20,26,28,35,37,38,39,40,49,53,56,59,60,61,67,69,72,79,80
115055700,5,11,13,20,22,23,25,27,30,34,39,45,46,51,55,56,57,64,75,77
115055701,3,5,10,12,14,21,26,27,30,37,39,42,49,55,57,58,65,67,74,77
115055702,5,6,8,12,20,22,23,30,31,38,41,43,46,59,63,65,66,68,77,78
115055703,4,8,15,18,21,22,26,30,31,39,42,46,60,65,69,73,74,76,79,80
115055704,2,3,5,9,15,20,24,37,41,42,54,55,56,57,63,66,68,71,77,78
115055705,2,6,7,9,15,17,19,21,27,28,31,37,45,46,47,62,67,69,70,78
115055706,2,3,4,12,17,18,23,28,29,30,32,37,39,42,48,49,62,64,71,79
115055707,17,20,22,24,28,30,38,41,45,48,51,56,59,60,62,67,68,70,71,78
115055708,3,5,7,8,18,21,22,24,30,31,39,50,51,54,55,58,60,74,76,79
115055709,5,13,26,27,28,31,34,36,43,49,50,53,54,59,61,63,70,73,76,80
115055710,2,4,8,15,20,25,26,28,42,44,49,53,57,61,64,65,70,73,76,80
115055711,1,4,6,11,12,15,18,23,34,35,36,37,43,49,50,53,60,64,69,77
115055712,4,5,6,8,17,22,24,26,29,34,37,39,41,49,50,51,53,74,78,79
115055713,5,8,10,12,14,15,16,22,32,39,51,53,63,65,68,70,71,77,79,80
115055714,2,4,6,12,13,15,17,18,20,29,34,38,40,48,53,55,63,72,74,77
115055715,9,20,21,23,24,27,36,37,39,43,44,57,63,64,65,66,68,69,75,79
115055716,5,7,10,15,17,24,25,29,36,39,49,52,53,55,60,63,64,69,78,80
115055717,5,6,8,13,14,16,25,27,31,34,40,41,43,46,47,48,55,62,74,76
115055718,1,6,14,19,28,29,33,42,44,48,56,61,62,63,64,65,68,69,70,77
115055719,4,5,6,7,13,17,24,30,32,41,42,43,44,60,64,67,71,75,76,80
115055720,4,7,12,13,19,27,33,34,35,37,41,42,43,44,47,50,54,55,76,79
115055721,4,7,9,10,11,14,15,21,27,36,40,43,47,56,64,69,70,71,78,80
115055722,2,4,15,17,19,21,25,27,29,33,46,47,50,51,61,62,67,69,70,77
115055723,1,8,10,20,29,37,45,46,53,54,57,59,62,63,64,67,70,75,78,79
115055724,3,5,6,7,8,11,35,36,39,44,46,47,49,50,55,60,65,69,75,79
115055725,12,19,21,25,26,27,29,34,38,39,40,53,56,63,66,67,69,71,72,76
115055726,6,7,8,9,15,20,23,30,31,32,41,42,45,46,57,59,61,66,68,69
115055727,5,8,9,12,14,17,20,26,33,40,41,42,43,44,57,62,63,68,72,79
115055728,3,5,8,11,19,22,23,24,28,30,32,49,50,55,58,59,62,63,65,80
115055729,5,7,10,13,14,17,19,21,27,28,29,32,33,38,40,48,56,60,76,80
115055730,16,18,19,22,23,24,28,30,31,35,36,39,54,59,66,70,75,77,79,80
115055731,6,8,9,10,11,15,20,21,23,26,28,29,38,41,54,56,58,63,65,70
115055732,14,17,21,24,25,26,29,33,34,41,42,56,58,59,61,63,67,70,71,75
115055733,1,4,16,22,23,30,35,36,37,44,47,50,54,57,58,61,62,63,65,74
115055734,2,5,6,10,16,25,29,31,40,41,53,58,59,60,61,65,69,71,72,75
115055735,14,16,17,25,26,28,29,31,32,39,44,45,53,54,56,60,62,67,71,74
115055736,2,4,6,9,11,21,24,25,26,31,39,50,52,66,70,73,74,77,78,79
115055737,2,6,7,10,18,19,20,28,32,35,38,41,43,46,48,50,52,55,64,73
115055738,10,12,15,18,21,22,29,30,31,37,43,44,50,52,60,61,66,71,73,74
115055739,5,9,14,22,27,29,32,37,38,40,42,52,54,56,59,63,69,73,74,75
115055740,2,3,7,25,33,35,36,38,41,43,44,46,56,63,64,66,69,70,74,80
115055741,1,3,7,13,14,19,20,28,29,33,35,37,43,52,57,62,66,67,69,78
115055742,1,3,17,19,24,25,27,28,32,33,36,47,48,51,54,59,62,71,74,75
115055743,1,2,3,7,11,13,14,20,24,27,43,50,55,57,59,65,66,72,77,80
115055744,11,12,14,24,26,29,31,40,46,51,53,54,56,58,60,62,67,75,76,78
115055745,8,18,19,20,22,24,28,29,34,48,50,51,52,59,60,62,63,65,66,74
115055746,3,8,14,15,17,20,22,24,29,31,35,37,40,41,44,57,60,63,64,67
115055747,5,9,12,15,20,25,27,28,30,32,35,41,45,48,53,56,62,63,75,78
115055748,5,6,17,18,26,27,28,35,43,44,52,57,58,59,66,67,69,73,75,76
115055749,9,13,16,17,18,21,28,31,40,41,43,46,50,53,59,61,67,72,74,79
115055750,1,4,8,9,13,18,25,26,34,35,38,41,47,52,53,56,58,59,71,78
115055751,6,14,16,18,19,28,30,34,38,39,44,45,49,66,68,70,71,72,78,80
115055752,4,9,11,15,19,20,27,33,43,44,45,47,57,61,62,65,66,69,74,76
115055753,5,10,14,22,31,33,34,35,36,38,39,47,49,51,56,59,66,74,76,77
115055754,4,5,8,9,17,26,27,34,35,37,40,47,52,53,56,59,71,73,75,79
115055755,1,2,3,6,12,21,22,28,29,30,32,35,37,45,60,63,66,74,78,80
115055756,5,12,15,18,19,22,30,36,37,39,41,52,59,64,68,70,73,76,78,79
115055757,7,9,11,12,16,22,24,25,29,30,38,39,41,45,49,50,56,58,73,77
115055758,3,7,9,10,21,24,28,31,39,42,44,46,51,58,62,63,67,71,77,78
115055759,6,7,12,16,19,22,26,33,35,36,37,46,55,56,59,61,63,68,69,77
115055760,3,13,22,27,31,32,35,37,38,46,48,54,61,62,67,69,71,72,75,79
115055761,2,14,16,18,19,27,30,35,37,40,43,44,47,53,55,58,61,63,70,72
115055762,1,8,22,25,29,31,33,34,36,38,43,49,51,56,60,66,67,68,71,77
115055763,1,6,8,12,20,21,26,27,29,32,35,36,38,42,46,59,60,72,77,79
115055764,1,4,5,10,14,16,20,25,28,36,38,41,42,45,46,48,49,50,73,75
115055765,1,3,4,8,12,14,16,18,19,22,26,29,36,39,43,47,62,63,69,78
115055766,11,16,19,21,32,34,35,36,38,40,41,46,47,53,56,58,67,71,74,75
115055767,2,4,6,16,18,19,21,23,27,28,29,34,46,47,50,60,63,69,70,74
115055768,1,3,4,12,26,27,36,40,43,51,53,61,63,64,68,69,70,73,74,77
115055769,3,6,8,11,14,15,19,20,21,27,33,37,51,57,61,62,63,75,76,79
115055770,5,6,10,12,18,19,22,36,37,38,44,50,56,59,62,63,70,72,73,76
115055771,1,3,7,8,13,17,18,19,22,23,30,33,34,37,46,50,54,63,71,78
115055772,5,6,10,18,22,26,29,30,37,39,40,42,43,56,60,64,66,69,71,77
115055773,3,9,21,25,27,29,33,37,38,43,46,61,63,64,69,70,72,74,76,77
115055774,2,3,22,23,25,30,31,33,39,42,43,46,59,64,67,70,71,75,77,79
115055775,2,3,5,6,7,9,10,12,17,20,21,22,24,30,36,38,50,54,64,65
115055776,9,10,14,15,16,29,30,32,36,38,41,44,47,60,61,62,63,73,79,80
115055777,1,4,6,11,13,18,20,23,29,31,32,38,41,62,66,70,74,75,78,80
115055778,3,12,15,16,30,35,39,41,49,51,54,55,67,69,70,71,72,73,74,78
115055779,1,2,4,8,11,23,24,34,49,51,54,56,60,62,63,65,68,71,76,77
115055780,3,4,10,12,14,21,23,31,36,39,41,52,53,54,57,59,61,64,69,70
115055781,5,6,8,10,11,26,30,37,38,39,42,54,55,56,58,60,61,66,76,80
115055782,6,7,11,14,15,16,17,19,25,27,28,31,32,43,45,47,50,52,54,62
115055783,5,9,11,18,25,29,30,36,41,43,44,45,46,48,51,59,63,65,73,74
115055784,18,19,21,22,24,27,28,37,38,43,45,46,47,50,51,52,56,59,61,79
115055785,2,3,5,14,16,17,18,24,31,32,34,37,44,52,54,59,64,67,70,80
115055786,3,7,10,13,16,24,29,32,34,37,51,53,57,62,65,74,75,77,78,79
115055787,4,5,15,17,25,38,39,43,46,48,50,52,53,58,59,60,63,67,72,74
115055788,3,9,15,18,29,32,39,40,41,44,48,52,55,64,65,68,69,76,78,79
115055789,1,5,10,16,18,19,21,22,26,31,32,40,47,48,51,54,63,70,77,80
115055790,2,5,6,9,15,19,24,30,37,41,43,48,55,56,59,60,63,67,70,77
115055791,4,5,9,11,14,15,34,35,40,41,44,49,60,61,64,66,69,70,75,80
115055792,1,2,5,9,10,16,17,35,37,46,51,53,59,62,64,65,69,76,78,80
115055793,4,6,9,14,20,22,25,30,32,36,51,56,57,66,70,71,74,75,77,80
115055794,1,5,10,12,14,17,19,25,27,30,37,42,43,45,47,55,61,64,65,79
115055795,1,2,3,19,20,22,28,33,34,39,46,58,59,61,68,74,75,76,78,80
115055796,2,11,17,19,26,27,29,30,35,39,42,44,51,59,63,65,66,73,74,76
115055797,4,10,14,17,27,28,33,39,44,45,46,47,48,54,64,66,70,72,73,80
115055798,1,6,9,11,12,17,22,26,30,33,34,35,41,43,46,49,53,63,73,78
115055799,8,9,17,20,26,29,30,37,38,41,43,48,51,55,57,59,67,69,72,77
115055800,1,4,13,14,17,19,20,31,35,37,42,44,48,54,57,62,63,66,70,80
115055801,5,6,9,12,19,26,27,36,37,38,46,48,49,55,59,65,67,75,76,78
115055802,2,19,21,26,32,37,41,43,45,49,50,51,56,62,63,67,70,72,75,79
115055803,2,4,7,9,14,18,24,26,27,31,36,44,49,52,58,68,72,73,77,80
115055804,2,4,6,20,28,29,40,43,44,48,54,56,61,64,66,67,74,75,76,77
115055805,7,14,17,19,20,26,35,37,38,39,45,53,54,56,60,61,62,65,66,74
115055806,4,10,12,18,20,21,28,30,33,36,40,45,49,52,53,55,58,59,64,77
115055807,1,2,3,4,5,8,14,15,27,29,30,35,37,38,43,44,47,60,64,69
115055808,1,4,5,6,9,10,15,18,19,30,31,40,48,54,56,58,61,64,67,74
115055809,2,3,8,9,10,14,19,25,29,30,34,36,37,43,49,53,62,63,66,71
115055810,1,3,5,7,19,22,27,28,35,48,49,51,57,62,63,64,66,69,73,80
115055811,2,3,6,12,16,30,35,36,41,45,46,48,50,57,60,61,71,74,77,79
115055812,2,8,17,18,19,20,25,26,33,41,44,46,47,50,53,65,66,68,69,74
115055813,4,6,7,14,18,24,31,32,36,39,40,46,49,55,62,74,75,76,79,80
115055814,10,11,12,14,18,24,27,28,29,33,43,48,49,57,58,64,69,72,74,77
115055815,2,7,12,16,21,24,33,37,40,41,46,52,55,56,58,63,67,75,77,78
115055816,6,8,12,13,17,24,26,30,33,35,39,55,60,63,64,67,68,73,76,77
115055817,2,3,4,6,8,16,20,22,23,28,33,45,49,56,59,62,64,68,69,77
115055818,1,5,7,11,16,19,22,23,26,28,29,42,45,55,58,64,67,69,72,78
115055819,3,4,8,12,15,19,24,30,32,37,40,41,42,43,45,47,55,57,68,71
115055820,4,11,33,34,42,43,44,47,50,54,59,60,61,64,65,69,70,72,77,79
115055821,4,7,8,12,15,16,23,26,32,36,38,40,46,47,54,55,60,61,71,80
115055822,1,4,5,12,18,20,24,25,31,33,34,41,52,58,60,62,66,70,72,79
115055823,1,2,3,4,9,12,14,16,18,23,25,34,35,37,41,54,73,75,77,78
115055824,1,5,8,9,12,13,16,24,30,32,39,49,55,57,62,64,68,72,74,76
115055825,3,9,12,16,20,26,30,32,37,38,40,42,44,50,51,54,61,66,75,77
115055826,2,19,20,23,24,34,36,38,39,40,41,45,53,54,56,61,68,69,74,75
115055827,2,6,11,12,13,20,22,28,33,37,39,46,48,56,58,60,69,74,79,80
115055828,8,15,16,18,19,20,29,30,35,37,44,48,51,55,62,63,64,70,74,80
115055829,1,3,4,7,8,14,15,17,23,32,40,46,52,55,56,63,71,77,78,79
115055830,2,6,13,14,17,19,26,30,33,34,37,41,44,48,49,55,66,68,72,78
115055831,1,4,6,21,24,26,27,28,30,32,38,45,51,58,59,64,67,71,76,78
115055832,3,5,11,26,32,33,36,38,39,43,46,47,48,49,52,60,67,70,73,77
115055833,5,11,12,13,14,15,19,21,24,30,37,46,51,57,64,65,68,69,72,76
115055834,1,6,10,14,25,26,27,28,30,37,38,47,54,55,58,64,67,70,75,80
115055835,2,4,6,10,16,20,21,23,24,27,31,34,37,38,40,44,61,64,68,70
115055836,2,10,14,16,18,23,24,28,31,34,39,42,46,47,52,66,67,69,73,79
115055837,1,2,6,12,28,29,39,46,49,54,56,60,63,64,66,68,71,72,73,78
115055838,10,13,14,17,18,21,22,26,31,35,39,41,43,55,59,63,68,73,74,80
115055839,5,8,11,18,24,26,28,32,43,44,45,47,56,60,64,66,69,72,74,75
115055840,1,3,5,6,7,8,18,22,26,29,33,34,35,36,38,39,49,50,54,61
115055841,7,9,18,22,32,33,36,37,38,41,44,53,54,59,64,65,67,71,75,79
115055842,3,4,11,28,30,31,46,52,57,59,63,64,65,67,68,69,72,74,78,80
115055843,2,11,13,16,20,24,27,35,37,41,47,49,52,53,59,67,68,69,73,76
115055844,2,4,5,9,11,31,32,35,39,42,51,55,62,64,65,66,71,74,79,80
115055845,2,11,14,18,19,20,21,25,31,38,40,41,50,55,60,63,68,70,72,79
115055846,2,4,7,9,14,16,24,27,36,42,43,47,50,60,66,69,74,78,79,80
115055847,4,5,6,14,18,21,29,33,39,42,53,54,56,58,60,68,69,70,71,75
115055848,3,4,12,13,14,19,22,28,33,36,37,42,52,53,58,63,70,75,76,77
115055849,11,13,15,22,23,24,25,27,28,37,39,43,61,62,67,70,72,77,78,79
115055850,6,8,13,16,19,20,25,31,32,34,41,57,58,60,61,65,67,73,75,77
115055851,6,9,13,16,24,31,32,41,44,52,61,63,64,65,67,68,69,71,74,78
115055852,6,11,12,15,21,22,23,29,32,33,35,40,50,51,54,58,65,67,72,75
115055853,3,10,17,25,26,30,32,33,36,37,39,44,45,48,55,56,59,67,75,78
115055854,3,5,8,19,22,26,29,32,33,40,47,49,56,60,63,74,76,77,78,80
115055855,5,6,7,8,9,13,19,31,34,39,42,49,51,52,55,56,66,72,78,79
115055856,1,2,6,10,18,33,37,39,42,45,47,52,59,60,61,62,67,72,74,75
115055857,3,12,14,22,26,29,33,37,43,47,50,51,53,54,64,67,68,73,75,77
115055858,2,4,8,15,19,21,22,24,25,28,43,49,57,60,63,65,66,67,72,79
115055859,7,8,10,13,29,30,31,32,35,42,44,48,53,56,64,69,71,72,73,77
115055860,11,20,21,28,29,32,40,41,45,46,49,50,52,55,57,62,67,72,76,80
115055861,16,21,30,31,33,43,44,45,46,47,50,54,57,59,63,64,66,69,71,79
115055862,4,6,7,12,22,24,37,40,43,46,47,51,53,58,63,70,73,74,76,79
115055863,2,3,5,7,15,22,28,29,37,39,48,49,52,53,55,57,65,69,75,79
115055864,4,11,13,15,18,21,23,25,27,29,40,45,65,68,69,72,74,75,77,80
115055865,4,13,14,16,18,21,23,25,27,30,32,33,38,42,44,46,52,69,71,73
115055866,13,16,19,22,26,29,33,37,38,39,40,47,48,51,60,61,63,73,76,79
115055867,10,13,15,17,22,23,27,29,32,34,35,36,38,41,42,46,49,52,71,78
115055868,7,10,11,12,22,29,31,34,36,40,53,57,59,60,61,64,68,76,77,79
115055869,10,13,19,24,25,27,28,38,40,41,52,54,56,57,59,61,68,69,77,80
115055870,4,7,18,19,20,25,27,29,33,42,46,49,51,62,63,69,70,73,77,79
115055871,3,8,17,19,32,36,37,39,51,53,55,57,58,62,63,64,66,71,74,79
115055872,7,10,13,14,16,21,30,31,35,37,42,44,46,50,53,55,66,69,70,80
115055873,5,6,7,16,17,23,29,40,45,47,51,52,59,64,70,71,75,76,78,79
115055874,3,16,18,20,23,24,25,29,31,43,53,59,60,62,66,69,70,72,77,78
115055875,5,7,9,12,14,17,18,20,21,25,26,29,32,34,40,43,46,62,78,80
115055876,1,6,7,10,11,13,22,23,25,30,31,32,33,36,38,39,50,58,61,65
115055877,13,17,20,21,22,24,30,33,36,37,39,41,48,51,52,56,57,65,74,76
115055878,2,3,8,9,11,15,17,21,23,28,33,34,36,44,50,53,58,62,70,78
115055879,7,8,9,14,16,20,23,26,36,37,40,41,48,54,56,62,65,73,75,79
115055880,3,5,7,10,11,12,14,16,17,18,23,32,35,44,52,57,63,65,77,80
115055881,5,9,10,13,16,18,25,28,31,36,38,40,42,49,50,51,62,67,73,79
115055882,6,7,8,9,15,16,17,18,24,35,41,44,45,46,70,71,73,77,79,80
115055883,3,5,10,11,17,28,29,32,38,47,48,50,52,54,58,59,62,65,66,75
115055884,1,8,13,16,22,30,35,47,53,55,56,59,63,64,66,71,74,75,78,80
115055885,4,5,9,11,13,15,16,27,30,31,33,35,54,55,65,67,73,76,77,80
115055886,2,3,7,8,10,11,14,19,21,31,35,36,37,47,49,54,55,60,62,78
115055887,3,9,10,13,14,18,19,25,26,27,30,31,33,38,39,55,57,65,68,80
115055888,4,9,18,19,20,23,32,33,35,41,54,59,60,62,66,72,73,74,76,79
115055889,2,6,10,19,27,28,30,32,46,50,51,52,62,64,67,71,73,76,77,79
115055890,5,8,10,11,12,13,15,31,32,34,36,44,51,54,56,57,58,60,78,79
115055891,9,14,22,26,30,33,34,35,36,39,41,44,45,49,50,54,59,67,74,80
115055892,5,9,10,16,24,25,26,28,29,31,37,39,41,42,53,56,60,68,75,80
115055893,7,13,14,16,17,24,33,36,38,40,42,48,58,60,64,65,70,75,78,79
115055894,2,8,11,13,14,16,27,32,38,41,42,52,53,59,60,62,64,69,77,78
115055895,1,3,9,13,18,22,23,26,31,35,37,38,39,47,50,52,55,58,62,72
115055896,6,11,17,22,31,34,38,44,47,50,54,60,62,63,65,67,71,74,78,80
115055897,1,3,9,11,14,15,16,25,36,37,46,48,51,52,55,61,66,75,76,80
115055898,3,7,9,12,13,15,16,23,24,27,36,39,40,46,47,53,62,69,77,78
115055899,1,2,13,15,29,31,34,37,40,42,45,48,50,51,54,58,60,75,76,77
115055900,6,7,8,11,17,18,24,33,35,39,43,46,49,50,51,52,70,75,77,78
115055901,2,7,10,11,15,24,32,33,39,51,56,57,60,62,69,70,72,75,76,78
115055902,8,10,12,15,16,20,24,27,28,37,39,41,45,62,67,68,70,73,74,76
115055903,11,14,17,21,25,29,33,37,39,42,55,60,63,65,66,67,68,75,78,79
115055904,2,7,14,15,19,21,34,39,40,43,47,49,54,56,58,60,74,76,77,78
115055905,1,3,7,11,13,20,22,31,33,41,46,48,49,58,59,60,67,71,73,77
115055906,1,3,4,18,20,21,33,34,35,44,49,50,54,55,58,60,65,75,76,78
115055907,2,6,10,14,23,30,35,36,39,40,42,47,49,50,55,58,60,61,68,77
115055908,3,7,13,14,18,20,23,24,28,29,36,38,40,43,44,50,55,59,73,80
115055909,4,5,8,11,20,27,32,37,38,39,50,51,57,59,63,67,69,75,76,79
115055910,5,11,13,14,15,17,19,24,25,30,33,38,49,53,55,64,65,67,74,75
115055911,1,9,12,14,17,20,22,26,27,30,36,42,43,46,47,54,63,72,77,79
115055912,12,13,19,24,26,28,31,32,33,34,39,50,52,53,54,60,62,73,75,76
115055913,1,4,8,14,18,35,37,38,39,41,44,45,62,63,64,65,69,72,79,80
115055914,2,7,13,18,23,26,28,30,31,41,47,49,61,63,66,68,75,76,79,80
115055915,1,2,5,12,15,24,33,35,39,42,53,58,61,62,69,72,73,74,75,77
115055916,5,6,10,14,21,34,36,39,41,44,47,53,54,56,59,61,62,75,76,77
115055917,4,5,7,13,17,18,19,21,25,31,34,37,55,64,72,73,74,76,77,80
115055918,2,3,4,7,10,16,19,20,23,37,47,50,52,54,55,56,64,65,67,78
115055919,4,10,13,15,23,25,45,46,48,49,51,56,57,59,67,69,73,74,78,79
115055920,6,8,13,19,29,30,33,37,40,47,48,58,59,60,67,68,69,70,74,79
115055921,9,10,11,14,18,21,29,32,33,36,48,50,56,59,60,66,71,73,77,78
115055922,2,6,20,22,23,26,27,28,30,32,55,60,62,65,68,69,72,73,79,80
115055923,6,7,11,16,17,22,23,34,36,37,39,44,53,55,59,62,67,70,71,72
115055924,9,10,17,20,22,25,35,39,43,50,51,54,56,60,61,62,63,67,72,79
115055925,2,4,12,17,18,29,31,33,34,37,50,56,61,62,64,65,66,71,79,80
115055926,3,8,11,12,13,16,17,18,20,22,29,42,46,50,52,63,67,69,74,78
115055927,3,4,5,6,7,14,16,17,20,22,23,25,46,47,54,58,63,73,79,80
115055928,1,16,17,20,24,26,28,32,43,48,50,53,63,66,67,69,70,71,75,80
115055929,2,6,14,19,22,23,30,32,36,40,46,47,50,56,57,60,61,67,78,79
115055930,1,4,8,17,21,24,32,33,37,38,40,41,42,43,56,64,69,71,76,77
115055931,2,7,13,15,16,20,23,26,28,29,35,40,44,50,51,54,66,70,73,77
115055932,1,9,12,13,15,19,21,24,25,28,34,39,49,50,55,59,62,66,67,73
115055933,8,10,16,17,18,20,21,23,35,39,57,58,62,64,66,69,70,72,77,78
115055934,1,2,8,12,16,20,24,28,29,30,35,36,39,41,44,48,53,71,74,77
115055935,7,8,9,23,26,28,31,35,40,45,46,50,53,55,56,62,63,67,68,73
115055936,3,4,7,10,15,17,22,31,41,42,45,48,55,58,61,62,74,75,78,79
115055937,1,2,3,5,7,13,15,17,21,22,27,29,35,41,49,59,61,62,68,73
115055938,1,3,14,18,21,23,24,25,31,36,37,50,55,56,62,67,68,73,76,79
115055939,2,4,5,10,12,13,20,28,37,43,47,48,51,54,63,65,69,70,71,78
115055940,10,12,15,20,21,23,31,33,35,37,38,42,43,45,47,64,65,69,73,75
115055941,2,5,17,18,29,33,34,35,39,43,53,54,58,60,65,68,71,74,78,80
115055942,3,5,11,12,15,18,21,29,31,34,41,43,45,46,47,66,70,72,78,80
115055943,5,11,15,20,25,27,28,29,42,45,50,54,56,61,62,71,74,75,77,80
115055944,1,2,6,7,21,22,26,29,30,36,37,40,41,42,44,46,51,53,55,75
115055945,10,14,18,21,22,23,25,33,37,47,50,53,56,58,62,66,69,75,77,79
115055946,1,6,8,11,15,18,21,24,44,47,52,55,56,61,65,66,67,71,74,78
115055947,5,9,10,20,22,26,30,31,33,36,40,42,51,53,55,56,68,76,78,79
115055948,8,14,15,24,27,33,35,39,40,43,49,56,62,64,65,69,70,71,73,80
115055949,1,5,10,12,17,22,23,24,31,34,42,43,46,51,57,65,70,76,79,80
115055950,2,4,7,14,18,23,24,33,37,38,41,44,50,53,54,57,60,66,71,75
115055951,1,2,9,11,12,21,27,32,33,40,47,51,56,58,60,61,65,70,75,76
115055952,2,8,9,23,26,27,30,34,35,36,39,41,47,50,52,62,72,75,79,80
115055953,4,9,12,14,18,19,20,29,30,31,47,48,49,50,52,54,56,57,69,72
115055954,1,9,10,21,22,29,38,39,44,45,53,55,61,62,65,67,68,72,74,79
115055955,1,7,11,12,15,17,25,26,34,38,40,41,46,47,48,55,58,68,69,80
115055956,16,17,18,19,20,23,25,26,27,28,29,32,35,48,49,52,57,70,74,80
115055957,1,3,19,22,23,24,26,27,28,30,31,33,51,52,53,55,64,72,76,80
115055958,8,15,16,17,20,22,24,31,42,45,47,49,59,61,68,69,70,73,76,78
115055959,6,11,13,14,18,20,25,33,48,50,51,53,56,59,66,68,70,76,78,80
115055960,4,5,7,8,9,10,18,21,27,36,37,38,39,41,49,50,61,69,72,76
115055961,9,13,14,15,16,19,23,24,29,31,33,54,55,56,63,64,71,73,76,80
115055962,1,3,6,18,19,23,27,32,38,40,41,44,51,53,57,65,70,72,75,80
115055963,1,2,12,18,22,24,28,33,34,36,43,46,47,48,50,56,62,70,75,76
115055964,2,8,10,11,15,17,24,26,27,28,29,33,37,38,43,45,53,63,74,76
115055965,12,15,18,27,30,32,34,37,41,42,44,46,48,49,50,59,61,67,70,74
115055966,3,11,16,23,28,32,34,37,42,46,53,56,61,65,66,69,70,71,77,79
115055967,1,3,4,9,12,20,22,24,30,32,35,39,42,53,54,58,63,74,75,76
115055968,5,6,7,10,19,22,23,24,31,34,36,42,44,58,59,60,67,69,74,78
115055969,1,3,4,7,15,19,24,25,26,32,43,44,46,48,53,59,73,76,77,79
115055970,2,4,5,8,20,27,29,31,32,33,34,49,51,62,63,69,73,76,77,78
115055971,6,12,19,21,23,30,34,40,47,49,50,52,56,60,65,68,70,72,73,78
115055972,4,8,18,22,23,26,31,33,39,45,54,56,59,61,62,70,71,74,75,78
115055973,5,12,14,15,16,20,22,26,29,34,35,37,38,53,56,59,63,66,75,76
115055974,5,10,19,21,22,27,28,29,30,32,51,54,59,60,61,62,69,73,77,80
115055975,2,4,10,11,14,19,29,32,39,40,41,46,48,49,52,58,65,72,78,80
115055976,5,8,10,11,17,18,26,28,32,43,47,55,56,59,62,64,69,70,76,80
115055977,6,10,12,14,18,27,29,34,35,38,41,42,45,54,57,59,64,66,67,76
115055978,1,8,19,24,25,27,37,40,42,45,46,53,55,57,61,69,74,76,78,79
115055979,2,7,19,21,27,32,38,39,43,45,48,49,50,51,56,57,70,76,77,79
115055980,2,4,9,19,23,27,29,39,43,49,56,58,61,62,63,66,68,69,72,80
115055981,2,8,15,16,21,24,28,33,47,50,54,55,56,58,64,65,74,75,76,79
115055982,5,6,25,32,33,34,37,38,42,50,55,56,58,64,68,69,73,74,75,80
115055983,3,4,10,13,15,19,34,36,39,42,48,52,53,56,59,61,64,67,69,70
115055984,5,7,8,12,13,17,19,20,25,34,35,40,43,46,54,55,56,58,74,76
115055985,2,6,10,18,21,22,27,28,34,36,42,49,50,51,52,61,63,64,65,79
115055986,18,20,24,29,30,33,36,39,44,45,48,53,54,55,56,59,63,65,66,70
115055987,1,4,6,7,20,22,30,32,38,40,45,48,56,57,59,68,73,74,78,79
115055988,3,6,11,21,22,24,28,29,31,34,42,47,48,52,53,60,62,64,65,80
115055989,1,2,11,14,22,24,26,28,31,32,33,35,40,41,43,46,51,69,70,79
115055990,4,7,10,12,15,22,24,27,33,34,40,41,45,51,53,59,61,68,69,72
115055991,3,5,7,8,20,22,23,27,38,39,40,41,43,56,58,60,62,70,73,74
115055992,3,10,13,19,20,23,24,25,29,33,36,39,41,42,51,52,56,65,75,79
115055993,2,4,5,11,12,15,16,33,37,43,45,50,53,54,57,64,70,72,75,79
115055994,1,5,7,19,23,29,37,38,48,49,51,54,56,59,60,62,68,72,76,80
115055995,1,6,7,10,13,19,28,33,42,44,48,50,53,56,60,63,69,75,78,79
115055996,3,7,14,17,21,22,28,38,42,43,44,55,58,59,66,70,73,74,77,79
115055997,8,9,11,25,31,32,35,40,43,44,47,58,59,61,62,63,65,66,70,78
115055998,1,2,3,7,8,9,13,17,20,22,26,30,42,57,66,67,70,74,75,77
115055999,1,7,14,18,22,25,26,41,45,53,55,56,60,62,66,72,73,75,76,77
115056000,1,3,4,16,20,21,22,23,24,27,29,33,34,35,60,62,67,68,73,76
115056001,1,7,12,15,27,30,38,39,41,45,47,50,53,55,57,60,64,71,75,77
115056002,6,10,12,13,15,16,24,28,32,33,35,36,41,52,53,61,66,69,73,74
115056003,1,6,9,14,16,21,22,26,33,39,40,41,48,60,62,66,71,72,75,79
115056004,3,5,9,19,22,25,26,28,35,48,51,52,53,54,66,67,68,69,74,79
115056005,2,7,8,12,16,21,23,31,34,41,44,48,49,50,53,58,60,69,70,78
115056006,1,7,12,14,17,21,24,30,32,35,37,38,39,55,65,67,68,69,71,78
115056007,6,9,12,17,20,21,22,25,33,42,44,47,49,50,55,58,60,74,75,78
115056008,1,2,7,17,22,26,33,35,36,38,39,40,41,52,57,58,69,70,73,80
115056009,2,3,4,6,9,15,27,28,30,38,45,50,53,54,58,62,67,74,78,79
115056010,5,14,19,20,21,22,25,28,29,30,33,40,43,44,51,53,64,67,71,75
115056011,1,6,7,9,12,16,24,27,30,33,35,38,44,52,54,55,64,68,69,75
115056012,2,5,7,11,20,21,32,35,45,60,61,63,65,66,68,69,72,75,79,80
115056013,11,16,18,24,26,27,34,36,43,48,50,56,57,61,62,66,67,74,75,78
115056014,1,7,8,11,18,22,28,33,34,36,49,50,51,59,62,67,69,70,75,78
115056015,2,3,7,9,15,26,32,37,44,47,49,54,59,65,67,71,72,76,78,79
115056016,3,5,14,18,21,22,23,30,38,40,42,44,46,48,54,63,66,71,76,80
115056017,3,10,13,20,22,26,27,35,43,44,47,54,56,57,61,64,68,74,75,80
115056018,1,3,4,8,16,17,19,20,25,34,36,39,47,50,52,54,68,71,72,80
115056019,3,6,12,13,14,15,28,29,30,31,32,33,34,41,43,49,53,57,60,61
115056020,13,15,18,19,20,22,27,37,41,42,47,49,54,58,59,62,65,67,69,71
115056021,6,7,8,11,14,22,32,35,40,41,43,47,50,61,66,69,70,74,76,77
115056022,7,14,18,22,23,30,37,38,41,43,48,49,50,58,64,65,66,69,71,76
115056023,2,9,10,18,19,22,25,27,30,35,39,41,42,43,46,49,53,55,64,77
115056024,7,10,12,14,19,20,24,26,28,33,35,36,37,38,39,40,47,48,57,79
115056025,3,8,11,13,21,22,28,31,32,38,42,46,48,55,59,65,71,73,74,78
115056026,8,14,16,18,19,20,26,29,30,35,38,39,42,54,57,62,64,71,74,77
115056027,6,11,15,19,20,22,26,29,32,37,38,43,47,55,57,58,60,65,68,71
115056028,6,11,12,14,16,18,20,21,24,27,33,40,41,49,53,54,57,66,68,72
115056029,6,10,14,15,22,23,24,25,26,27,31,42,48,52,61,68,75,76,79,80
115056030,1,8,10,12,16,17,21,23,24,38,39,43,44,45,47,57,63,68,76,77
115056031,1,6,8,9,12,19,27,28,29,32,48,49,51,55,63,67,69,70,75,77
115056032,7,13,15,19,25,26,29,31,32,34,55,57,58,63,65,66,67,68,73,79
115056033,1,10,15,16,20,21,36,38,43,47,51,61,63,64,66,67,71,72,77,79
115056034,4,8,17,19,25,27,33,35,48,52,54,55,57,63,65,71,72,73,76,77
115056035,2,4,9,11,13,15,17,23,30,33,35,36,42,45,48,53,54,69,72,77
115056036,3,8,24,26,30,31,34,35,49,50,51,57,60,62,65,67,70,71,76,80
115056037,8,9,15,20,24,25,27,28,31,39,54,56,57,58,60,64,68,73,75,80
115056038,9,10,21,22,25,28,36,38,44,50,53,56,61,68,70,71,72,74,76,78
115056039,3,6,10,12,14,16,19,21,34,39,40,43,46,48,51,55,59,67,70,79
115056040,4,10,18,23,25,28,31,32,33,35,36,37,45,46,51,66,70,74,76,80
115056041,5,14,15,24,31,32,33,35,45,47,49,55,57,59,62,63,72,74,78,79
115056042,3,4,6,13,19,21,22,25,42,48,49,53,55,56,60,64,68,75,77,79
115056043,6,13,14,16,18,20,30,36,40,44,53,55,56,59,63,64,74,77,79,80
115056044,11,13,14,16,24,28,38,42,43,45,52,54,59,60,61,66,69,71,72,78
115056045,7,9,16,25,26,30,32,41,42,50,54,56,59,60,61,64,66,71,73,74
115056046,10,12,14,18,19,20,21,27,31,36,39,41,45,57,60,62,68,73,79,80
115056047,2,5,6,16,17,20,25,26,28,30,34,37,38,41,48,51,60,63,64,76
115056048,3,8,12,15,22,25,28,29,31,34,36,39,44,51,67,75,76,77,78,80
115056049,3,4,5,8,13,14,22,30,31,38,41,48,50,52,54,55,66,74,75,78
115056050,1,2,14,15,21,22,25,30,40,48,51,57,58,60,61,65,67,73,79,80
115056051,5,7,8,19,20,23,25,26,28,30,35,43,47,48,56,57,58,59,67,78
115056052,3,8,9,25,26,31,34,37,47,55,58,60,61,65,67,69,71,74,76,77
115056053,3,4,7,14,19,21,27,30,33,47,52,53,56,58,64,70,75,76,77,78
115056054,4,5,7,14,16,24,25,28,31,33,36,41,46,51,55,56,59,61,73,76
115056055,8,13,15,17,20,22,25,29,31,32,35,40,42,43,44,50,66,70,72,75
115056056,6,8,9,14,15,16,21,24,30,31,34,36,50,51,52,55,58,62,66,76
115056057,5,11,13,16,18,19,23,27,34,35,42,48,49,54,56,57,65,69,73,77
115056058,4,5,10,16,27,28,32,38,42,43,50,53,59,60,61,63,64,66,67,73
115056059,1,2,7,8,12,21,22,25,32,33,35,40,41,48,51,56,67,68,69,70
115056060,2,3,14,23,24,27,29,31,43,47,48,58,62,63,64,69,70,72,73,79
115056061,4,10,12,13,18,25,28,30,45,47,51,55,57,58,69,73,74,76,78,79
115056062,10,14,16,18,25,31,33,35,43,50,51,53,58,59,68,69,71,78,79,80
115056063,1,2,5,21,26,29,34,43,44,51,53,59,61,63,67,68,69,74,76,80
115056064,1,4,5,7,14,22,28,34,36,39,45,50,51,56,59,61,65,66,74,77
115056065,7,9,11,12,19,28,30,31,36,37,39,44,46,48,50,51,59,61,65,80
115056066,1,4,6,8,12,14,15,18,26,28,29,35,38,46,50,58,60,69,72,79
115056067,3,10,12,13,16,22,23,26,30,31,35,37,46,56,58,64,66,68,70,79
115056068,3,4,5,8,21,32,38,40,43,44,45,56,57,59,61,63,67,71,72,73
115056069,2,6,10,12,13,17,22,23,25,29,32,39,48,49,53,57,58,64,67,75
115056070,1,2,7,9,11,17,20,24,25,30,39,42,56,61,64,65,68,71,75,79
115056071,1,2,12,15,18,23,24,26,28,29,30,32,34,37,45,47,49,54,61,63
115056072,2,3,6,12,15,16,20,24,28,29,40,44,52,53,54,60,66,67,68,72
115056073,3,4,14,17,18,21,25,34,40,45,49,51,52,53,55,57,58,65,67,76
115056074,1,7,10,13,19,20,21,23,33,37,41,44,53,55,57,62,63,68,71,73
115056075,3,4,5,6,20,26,27,33,34,35,38,42,46,48,50,55,62,64,77,78
115056076,2,4,8,12,16,25,29,33,35,38,43,45,52,59,60,62,66,72,79,80
115056077,9,14,15,17,28,30,33,34,39,40,47,48,50,54,68,69,70,73,74,78
115056078,4,6,8,23,24,26,31,32,33,35,45,51,52,54,61,65,68,76,78,80
115056079,1,2,16,20,23,26,37,40,45,50,55,56,57,58,60,64,66,71,75,79
115056080,9,10,18,22,27,32,34,38,41,42,45,47,50,55,63,66,69,73,79,80
115056081,11,12,19,20,28,30,34,35,37,38,42,50,51,53,55,66,67,70,71,78
115056082,3,6,8,13,14,15,16,24,27,39,41,42,52,55,62,63,65,68,73,78
115056083,2,7,8,12,23,25,28,30,34,36,38,41,44,46,57,59,64,70,76,77
115056084,3,5,18,20,39,41,46,47,52,54,56,57,60,61,62,64,66,67,70,80
115056085,7,18,19,25,28,29,34,36,41,42,47,48,59,63,67,71,73,75,77,79
115056086,1,3,4,7,8,9,12,15,20,22,27,36,37,38,39,48,50,54,78,80
115056087,2,7,9,14,16,17,24,26,27,32,35,41,42,46,51,53,69,71,73,79
115056088,2,5,7,9,10,11,14,15,30,34,35,46,49,53,56,63,64,71,72,75
115056089,1,12,13,17,20,24,26,29,33,35,46,50,52,54,59,60,67,68,73,78
115056090,1,4,10,12,17,19,20,26,32,37,44,48,50,56,58,59,65,67,71,72
115056091,3,5,10,12,17,25,27,30,33,34,35,37,47,53,54,61,67,72,75,77
115056092,4,5,10,11,15,16,19,29,31,35,49,51,52,56,58,61,62,71,78,79
115056093,1,2,10,18,20,26,27,42,46,47,48,51,56,57,61,62,67,70,76,77
115056094,6,13,18,19,28,29,30,31,32,34,35,36,41,43,51,52,59,62,65,68
115056095,3,8,9,13,18,20,21,23,31,34,39,40,49,55,56,60,64,65,66,79
115056096,1,4,6,15,16,22,25,27,33,34,46,47,48,57,60,67,70,71,77,78
115056097,1,3,7,8,9,11,12,14,16,28,35,36,42,47,49,54,68,73,74,80
115056098,5,6,11,14,16,26,29,30,33,36,42,44,47,48,53,54,56,62,69,77
115056099,14,17,19,20,22,24,25,26,28,30,33,44,50,53,64,68,71,73,74,78
115056100,10,22,28,33,35,36,37,39,40,44,47,50,54,57,68,69,70,72,78,79
115056101,6,9,11,14,19,20,21,24,26,34,43,45,50,51,52,68,71,72,73,74
115056102,2,12,13,15,16,29,32,39,40,44,48,56,66,67,68,69,70,73,77,78
115056103,3,11,14,16,17,21,25,28,31,36,39,45,46,52,55,56,59,63,70,79
115056104,5,13,16,18,19,21,22,27,29,36,38,40,44,52,56,62,67,75,76,80
115056105,2,3,4,9,15,18,25,26,30,31,44,48,54,59,60,64,65,73,74,77
115056106,3,9,11,12,14,15,17,22,23,27,30,40,46,49,56,60,64,65,67,74
115056107,2,12,17,20,21,30,32,35,39,41,43,49,51,59,70,71,74,75,78,79
115056108,1,2,3,4,6,9,13,14,19,34,40,44,45,46,48,50,56,59,75,77
115056109,4,12,13,20,24,25,32,33,34,35,36,40,43,47,52,55,60,73,74,77
115056110,6,14,18,26,27,32,34,35,44,46,47,50,52,60,61,63,65,66,77,80
115056111,12,15,16,17,22,26,28,32,34,41,48,50,53,63,64,68,70,71,73,74
115056112,1,3,12,13,14,16,18,25,26,29,32,33,42,43,45,54,55,56,65,67
115056113,2,10,15,17,19,22,25,26,34,35,36,40,43,45,60,61,62,71,73,74
115056114,2,7,8,13,17,19,21,27,36,37,44,47,48,54,56,69,71,74,76,79
115056115,8,12,17,18,21,27,34,36,37,39,50,54,55,59,60,69,70,72,79,80
115056116,1,8,19,22,29,30,34,39,41,42,45,47,53,54,61,62,66,73,76,78
115056117,10,13,17,18,20,24,31,37,38,42,43,45,46,60,64,69,71,72,73,79
115056118,3,4,9,11,15,20,22,25,32,37,40,46,49,54,58,61,66,71,73,76
115056119,3,11,13,16,18,19,20,24,25,26,29,33,39,51,52,53,58,68,75,78
115056120,1,4,7,12,20,26,27,30,31,33,36,39,50,57,58,60,68,70,78,79
115056121,4,10,18,23,33,37,38,42,44,50,51,57,58,60,61,62,65,66,77,79
115056122,5,10,15,29,31,34,39,40,42,50,51,54,58,62,64,71,74,78,79,80
115056123,1,5,6,8,9,10,11,17,20,22,24,27,36,40,50,56,60,70,72,79
115056124,2,17,18,19,26,33,36,41,46,51,54,62,63,64,66,68,72,75,77,80
115056125,1,3,5,7,8,9,10,11,14,19,20,23,25,34,41,47,48,57,63,74
115056126,2,5,12,14,23,24,29,30,32,43,46,47,52,56,59,62,64,72,73,80
115056127,5,7,9,17,24,28,30,36,42,46,48,52,56,59,61,63,74,76,79,80
115056128,1,2,4,7,15,18,21,24,25,39,45,49,50,52,57,61,64,67,68,72
115056129,1,6,21,22,23,25,26,28,32,33,36,37,41,42,45,61,65,69,70,73
115056130,6,8,16,17,19,21,31,36,38,39,42,48,51,58,60,61,68,74,78,80
115056131,1,3,8,15,19,23,27,32,33,35,37,40,46,48,53,62,67,71,76,79
115056132,3,7,8,9,12,19,26,30,31,34,37,39,42,45,49,52,56,59,69,70
115056133,5,6,9,15,23,31,35,37,41,45,46,50,53,54,55,56,59,60,64,71
115056134,5,6,9,11,16,21,25,29,32,35,39,40,41,43,46,47,48,51,63,66
115056135,12,14,18,20,21,22,24,30,32,36,41,43,48,50,55,57,60,66,77,78
115056136,7,8,16,21,23,25,28,30,32,34,36,37,42,52,54,58,59,63,76,77
115056137,5,10,17,21,22,23,25,28,32,36,39,41,46,50,54,57,58,65,72,77
115056138,2,3,4,12,16,17,25,33,34,38,40,45,49,51,57,58,62,69,71,78
115056139,6,9,19,20,26,29,38,39,49,53,59,60,62,63,65,67,68,74,75,79
115056140,1,2,3,8,13,16,19,21,23,27,34,36,37,43,52,54,58,69,73,79
115056141,4,7,23,26,27,28,31,36,43,48,49,51,60,65,68,73,74,76,77,79
115056142,2,3,6,17,18,19,31,33,36,41,42,45,47,49,55,59,71,73,76,77
115056143,9,12,13,15,18,21,26,28,32,36,38,41,42,49,53,60,61,64,71,72
115056144,1,2,3,5,9,11,14,21,23,26,30,32,34,35,48,49,55,56,64,78
115056145,8,12,14,15,21,26,30,33,37,44,45,46,47,53,54,61,64,76,77,78
115056146,1,2,3,5,6,10,15,17,21,33,35,40,42,43,45,47,48,52,57,60
115056147,3,5,6,9,13,16,19,24,27,36,43,44,46,49,50,51,73,74,75,79
115056148,1,5,7,8,30,31,36,38,39,45,46,47,50,51,52,61,64,72,77,78
115056149,1,8,14,16,18,23,36,37,40,48,49,52,56,58,68,70,71,72,76,79
115056150,1,6,7,12,13,14,27,28,37,55,58,67,70,71,72,75,76,78,79,80
115056151,1,4,14,21,26,27,32,39,41,48,52,53,54,56,63,67,68,71,75,80
115056152,4,10,12,16,24,27,34,39,40,42,43,44,49,50,53,54,55,66,68,72
115056153,1,7,9,11,12,14,21,26,27,29,41,44,52,57,58,60,64,72,73,77
115056154,5,6,10,11,19,20,22,26,27,38,39,43,52,53,56,64,74,77,78,79
115056155,3,4,12,19,28,32,37,42,45,50,56,57,58,59,62,64,65,66,78,80
115056156,2,6,15,16,22,24,28,29,30,37,41,48,53,57,61,66,67,68,77,79
115056157,1,8,9,11,14,21,23,26,27,29,30,37,41,50,59,64,66,72,74,75
115056158,1,2,6,7,8,11,12,16,21,31,38,46,58,59,60,64,67,68,73,74
115056159,9,13,14,15,16,19,34,39,48,49,50,52,53,54,56,61,66,68,72,80
115056160,7,10,19,20,21,24,29,31,32,35,49,51,54,56,60,64,66,72,75,79
115056161,2,23,24,29,30,31,32,33,34,39,40,41,45,58,62,64,66,69,71,74
115056162,5,7,8,12,13,20,26,30,32,34,49,52,54,59,60,61,63,70,72,75
115056163,10,11,14,15,20,21,23,39,41,42,47,50,52,56,59,60,61,64,74,80
115056164,5,17,25,28,29,35,37,41,42,50,56,59,60,61,62,63,65,67,68,77
115056165,1,5,7,9,13,14,16,18,20,30,34,36,43,47,48,56,61,63,70,79
115056166,5,8,13,16,17,20,26,28,29,32,38,42,48,57,61,64,65,69,72,77
115056167,1,7,8,10,14,22,25,28,34,45,46,48,49,50,63,64,66,68,73,74
115056168,6,12,14,16,26,35,45,47,48,51,53,54,60,62,63,66,69,74,79,80
115056169,2,4,6,10,12,13,27,28,37,41,42,50,57,65,66,67,69,73,77,80
115056170,2,19,21,22,25,27,29,31,36,42,52,53,54,56,57,68,72,75,76,80
115056171,7,9,15,19,22,29,30,33,36,37,48,49,54,55,56,60,64,67,69,75
115056172,1,3,11,18,21,23,29,36,37,39,45,46,49,57,58,60,62,64,73,76
115056173,3,5,9,10,11,18,23,25,32,38,40,43,44,50,51,55,65,66,67,76
115056174,7,10,11,15,20,23,26,30,33,34,40,45,53,54,62,63,66,70,74,79
115056175,2,3,4,11,13,16,20,25,28,37,46,48,51,55,58,61,67,72,73,77
115056176,1,3,5,8,14,19,32,38,39,41,47,51,55,57,60,61,68,70,76,79
115056177,10,16,18,23,25,29,31,39,40,42,49,52,54,55,57,63,66,68,75,80
115056178,2,10,12,22,25,28,30,38,40,42,44,45,51,53,55,57,63,69,71,74
115056179,2,4,30,32,35,37,40,41,46,47,48,49,55,58,63,70,71,76,77,79
115056180,13,16,17,23,25,26,28,33,39,40,48,52,53,57,64,67,72,74,78,79
115056181,13,15,19,20,25,28,29,32,38,40,45,46,50,56,61,62,71,72,76,77
115056182,5,14,15,19,21,23,27,28,29,36,38,42,52,61,62,63,69,71,77,80
115056183,10,12,13,19,27,30,35,39,42,45,49,52,58,64,67,68,72,73,78,79
115056184,7,9,12,19,20,24,27,37,38,42,49,59,60,62,64,71,74,78,79,80
115056185,1,4,7,11,14,17,20,21,22,23,26,30,38,41,46,49,62,67,77,79
115056186,6,19,21,25,32,33,34,42,46,50,56,57,58,60,61,68,69,70,74,77
115056187,3,5,22,24,25,28,33,34,35,37,38,41,42,45,53,55,58,64,75,79
115056188,2,3,4,9,14,35,37,40,45,46,48,50,62,63,67,70,73,74,79,80
115056189,5,12,15,20,23,28,33,34,35,38,45,46,47,48,49,61,65,70,73,78
115056190,4,9,11,12,15,22,29,30,40,42,45,53,54,59,64,67,68,69,72,78
115056191,5,8,9,12,16,17,18,20,21,23,34,44,49,56,57,61,63,64,71,73
115056192,1,4,6,7,12,16,19,20,25,27,41,47,49,53,56,64,70,72,73,80
115056193,2,6,7,9,11,18,28,29,31,39,42,43,44,52,53,57,62,73,74,76
115056194,1,5,13,16,19,21,23,34,38,39,43,44,46,48,54,57,60,62,67,71
115056195,1,11,15,19,20,22,23,30,33,38,43,44,46,55,57,59,62,75,76,78
115056196,4,7,9,12,16,19,22,26,35,40,41,43,46,50,53,56,64,65,68,74
115056197,3,5,11,15,17,18,19,22,28,29,32,34,43,48,53,54,69,71,76,79
115056198,1,2,10,15,16,17,27,29,35,40,41,46,54,56,57,59,62,65,68,74
115056199,14,18,20,23,28,30,31,35,39,42,43,44,45,48,51,64,66,67,73,78
115056200,3,5,10,25,37,38,40,41,44,46,48,51,58,60,64,67,74,76,78,79
115056201,2,3,7,15,16,22,26,27,28,33,36,39,41,46,50,53,58,64,65,70
115056202,9,10,14,18,22,26,35,41,45,46,52,54,57,59,60,61,63,64,65,80
115056203,1,5,6,7,9,12,15,20,28,37,44,48,53,54,55,58,71,72,76,79
115056204,13,17,21,22,23,25,26,33,34,35,37,38,44,50,56,62,68,71,72,78
115056205,1,6,8,16,25,35,38,39,40,41,42,49,50,54,55,63,72,73,76,77
115056206,6,7,10,17,19,23,25,28,30,34,38,44,48,50,52,53,57,68,77,78
115056207,12,16,23,27,29,30,31,35,38,44,46,61,62,65,67,71,72,74,75,76
115056208,5,9,13,19,23,27,28,34,35,45,49,50,51,52,59,62,67,69,73,78
115056209,2,7,8,23,26,28,32,35,38,51,54,56,59,63,65,66,69,70,72,74
115056210,3,12,14,15,20,22,28,29,31,33,35,37,41,46,51,61,73,75,76,78
115056211,1,4,7,17,18,20,21,24,25,38,44,50,54,56,58,66,69,78,79,80
115056212,4,5,11,15,16,20,21,22,26,29,36,40,41,43,46,52,54,55,65,79
115056213,5,12,13,23,26,33,34,36,41,45,47,48,49,52,57,68,69,71,75,77
115056214,5,6,12,17,18,19,31,32,34,35,39,48,51,53,61,65,66,73,74,79
115056215,7,10,12,13,14,16,17,22,23,30,32,48,51,53,56,57,75,76,79,80
115056216,3,9,14,17,18,21,22,23,36,37,39,43,44,46,50,54,63,67,68,77
115056217,7,9,18,23,25,28,29,32,38,40,48,53,55,56,57,64,68,72,76,80
115056218,1,4,8,16,21,28,29,34,35,38,41,42,47,52,53,57,59,72,75,76
115056219,1,2,8,12,17,22,24,27,29,35,43,44,51,55,58,61,62,69,70,80
115056220,7,12,13,15,19,34,40,46,50,56,57,59,61,63,68,70,72,75,77,80
115056221,4,16,17,18,19,25,27,30,32,39,41,42,43,51,52,57,58,62,64,74
115056222,4,5,11,15,17,20,21,22,26,36,40,42,43,57,58,66,67,68,72,78
115056223,9,14,16,19,22,23,30,38,39,42,44,45,47,49,51,60,69,71,76,78
115056224,2,6,18,26,27,28,30,35,39,43,44,45,47,53,58,59,73,74,75,78
115056225,2,4,8,17,22,24,25,27,32,38,39,51,55,63,69,71,72,76,77,78
115056226,5,14,27,31,33,40,47,48,50,51,55,58,59,61,63,64,65,70,75,80
115056227,3,8,14,22,23,24,25,27,36,42,50,53,56,57,65,70,76,77,78,79
115056228,4,6,7,19,20,27,28,37,38,39,44,45,50,54,57,59,60,65,66,70
115056229,3,6,7,8,11,13,18,19,20,27,33,35,37,41,42,55,56,63,64,67
115056230,1,7,14,15,26,29,30,33,35,41,44,45,55,59,63,64,65,70,74,79
115056231,6,7,11,12,14,17,20,23,34,39,44,45,48,51,56,57,58,66,75,78
115056232,1,9,12,25,33,38,39,42,44,53,56,57,58,61,63,65,69,77,79,80
115056233,5,6,20,22,24,29,31,34,36,37,41,50,54,59,62,64,66,71,76,77
115056234,1,2,3,12,23,24,25,28,30,33,39,45,56,58,59,62,70,71,74,80
115056235,12,13,16,18,24,26,31,44,48,53,55,57,59,60,63,64,66,70,77,79
115056236,4,11,12,13,15,19,32,36,38,44,45,49,50,56,59,61,70,71,72,73
115056237,2,13,15,18,19,22,24,26,34,37,42,45,46,56,59,65,69,72,76,80
115056238,4,7,9,10,19,22,25,28,33,34,40,41,43,45,47,61,66,70,74,76
115056239,5,8,12,15,20,25,34,37,38,46,47,49,50,57,60,62,64,65,70,71
115056240,3,5,6,8,13,26,27,29,38,42,46,50,53,55,57,65,67,71,75,78
115056241,3,8,9,19,29,31,32,34,38,44,46,49,57,58,61,65,67,70,73,79
115056242,5,6,11,15,19,23,26,28,30,37,41,43,48,56,59,73,74,75,79,80
115056243,18,23,24,28,36,39,40,46,47,49,51,56,59,61,64,70,72,74,78,79
115056244,3,6,10,12,13,19,25,28,29,33,35,36,40,45,51,56,57,61,67,68
115056245,3,8,11,15,19,29,31,33,35,37,43,49,57,60,63,65,72,74,79,80
115056246,6,7,9,10,19,20,23,25,26,43,49,51,54,56,61,64,70,74,77,78
115056247,1,5,6,7,9,11,14,23,24,26,31,32,34,42,53,58,68,71,75,78
115056248,8,12,14,17,22,23,32,35,42,46,52,55,58,62,63,64,68,70,73,79
115056249,2,6,11,16,19,21,26,32,34,50,51,59,60,61,62,64,68,71,72,79
115056250,10,13,14,21,24,25,28,32,33,34,35,38,47,50,52,53,59,60,69,79
115056251,3,4,5,6,8,11,12,15,17,21,24,31,38,52,54,58,66,69,71,77
115056252,3,4,8,32,34,35,36,45,46,54,55,58,60,62,66,69,70,78,79,80
115056253,3,5,6,8,12,14,17,30,33,35,37,40,44,46,48,55,56,62,73,78
115056254,2,11,14,16,23,28,36,37,40,41,42,45,53,58,60,63,64,67,74,80
115056255,11,28,30,32,35,37,42,43,46,48,50,51,57,58,60,68,69,73,76,80
115056256,1,11,12,17,24,32,35,40,41,46,49,50,53,54,55,56,61,63,66,69
115056257,2,3,4,9,10,20,38,40,51,52,58,59,66,67,69,73,74,75,76,80
115056258,4,5,11,17,18,19,29,32,34,35,40,53,54,63,65,66,70,76,77,80
115056259,5,16,19,20,22,29,30,31,42,46,47,48,50,52,57,59,60,74,75,76
115056260,1,10,15,19,21,26,28,34,38,42,43,46,57,61,62,67,69,72,77,80
115056261,2,4,6,8,11,19,27,28,29,34,36,42,53,54,56,65,67,71,76,78
115056262,4,7,14,17,24,28,32,33,34,36,42,45,47,57,58,60,61,63,74,80
115056263,14,18,25,28,31,33,41,42,44,48,49,51,53,58,59,60,61,69,70,71
115056264,1,2,4,6,12,15,17,18,19,25,34,43,50,55,57,58,61,62,71,77
115056265,6,8,15,16,21,26,27,28,35,41,43,45,47,51,53,54,56,58,63,72
115056266,1,5,8,9,10,12,18,20,22,30,34,43,44,45,49,64,67,75,76,80
115056267,7,8,9,10,13,14,16,24,25,30,32,33,34,35,50,52,54,62,76,78
115056268,1,3,4,8,17,27,28,38,39,44,47,48,51,52,54,56,59,71,74,75
115056269,6,13,16,18,20,24,25,28,29,35,37,43,45,47,49,51,57,67,68,70
115056270,1,3,6,12,14,15,20,23,26,39,47,52,54,55,67,68,71,73,79,80
115056271,4,9,10,14,16,26,28,30,36,38,39,46,52,54,55,62,68,69,70,72
115056272,1,3,6,8,10,16,23,26,29,31,38,40,41,43,50,52,53,54,69,80
115056273,4,5,11,12,21,26,38,39,41,43,44,49,54,55,56,63,70,71,77,79
115056274,2,5,9,11,15,20,22,23,35,36,39,40,41,44,53,64,70,73,75,78
115056275,3,5,9,16,17,30,31,33,34,36,40,46,48,50,52,60,64,72,74,77
115056276,5,10,14,18,23,28,32,34,39,43,44,45,56,62,64,65,68,69,71,80
115056277,1,4,5,7,8,13,14,15,17,19,31,36,37,50,59,60,63,71,78,79
115056278,5,11,15,17,20,25,32,33,34,36,37,41,45,49,51,52,54,55,59,80
115056279,1,2,7,15,17,24,26,29,31,33,34,36,40,45,51,56,58,64,66,67
115056280,3,4,24,25,27,28,29,35,39,42,47,49,51,53,62,64,72,74,75,77
115056281,6,7,10,11,13,24,27,29,38,40,49,57,58,64,68,69,71,74,76,77
115056282,1,2,6,7,23,27,37,38,42,49,50,58,59,67,68,70,72,73,74,76
115056283,2,13,17,19,22,26,32,40,45,46,47,50,51,54,55,58,62,65,68,76
115056284,1,3,10,12,15,17,18,21,26,27,30,33,38,41,42,54,65,66,72,74
115056285,4,9,10,11,14,30,32,34,35,38,39,44,48,50,52,56,58,61,62,71
115056286,1,2,3,7,14,17,19,20,21,23,27,32,33,37,46,50,59,69,72,78
115056287,2,7,11,16,19,26,38,39,41,48,54,56,57,63,65,69,74,76,77,80
115056288,4,17,22,24,25,29,30,35,38,40,42,43,54,59,63,68,69,72,75,78
115056289,1,5,8,9,15,22,25,26,31,32,33,42,44,45,46,51,61,71,74,75
115056290,3,4,5,6,9,18,19,20,23,26,37,48,52,57,59,60,61,71,77,79
115056291,3,4,9,16,18,24,25,33,34,40,43,45,52,53,59,66,69,72,75,78
115056292,12,17,18,20,22,24,27,28,30,37,39,41,46,47,50,57,74,76,77,79
115056293,2,14,16,21,22,23,26,29,32,41,45,52,56,64,70,72,73,74,77,78
115056294,1,10,11,13,14,20,25,26,32,34,36,37,38,45,48,52,53,64,70,72
115056295,2,8,10,11,15,33,35,36,37,38,43,45,48,51,59,60,66,69,75,80
115056296,1,4,13,14,15,16,27,31,33,35,36,39,44,45,46,55,62,67,70,80
115056297,6,9,12,21,26,32,42,46,48,50,53,55,59,61,68,69,76,77,78,80
115056298,2,3,6,10,16,17,21,24,26,28,30,40,45,51,54,61,62,64,69,73
115056299,4,10,19,27,33,35,38,41,42,47,48,50,53,54,63,64,69,71,74,80
115056300,8,15,16,18,19,20,23,24,26,31,33,35,39,41,45,53,63,66,71,76
115056301,1,2,6,10,13,22,31,48,49,50,52,54,57,63,64,66,68,75,76,78
115056302,4,7,10,14,17,29,30,31,32,33,36,37,38,39,43,54,55,59,69,79
115056303,1,4,11,15,18,21,22,31,32,38,41,43,44,48,59,66,68,70,74,77
115056304,4,6,9,10,25,29,30,34,45,53,55,57,60,61,67,72,76,77,79,80
115056305,2,4,9,11,12,13,14,15,18,20,26,33,38,42,44,51,69,75,77,80
115056306,2,3,5,6,12,17,27,28,30,33,34,49,51,53,57,59,62,69,70,74
115056307,6,14,17,24,30,32,33,41,42,46,48,54,57,58,60,64,65,67,73,79
115056308,2,3,5,8,9,10,13,16,19,20,23,39,41,42,43,46,55,59,60,77
115056309,2,3,8,10,13,20,30,31,38,44,49,58,63,64,65,70,74,77,79,80
115056310,1,4,7,10,12,20,28,32,35,38,40,41,44,45,47,55,62,67,76,80
115056311,1,5,7,9,14,19,24,25,31,35,38,43,50,53,61,62,69,74,75,80
115056312,3,5,10,11,12,16,19,29,30,34,35,45,51,52,55,56,58,70,72,80
115056313,6,8,9,11,14,20,23,25,31,36,43,44,47,57,60,65,66,71,79,80
115056314,10,14,20,30,31,39,41,42,44,52,57,58,59,64,71,73,74,75,76,77
115056315,4,13,22,23,26,28,41,44,47,50,60,63,64,68,69,72,75,76,78,80
115056316,2,3,4,7,12,19,24,25,26,27,30,32,35,39,43,44,51,54,67,70
115056317,1,3,5,9,10,11,13,20,30,31,35,38,39,45,49,52,62,65,66,73
115056318,3,12,17,18,21,22,33,35,36,37,47,54,58,62,64,69,70,72,79,80
115056319,3,7,13,14,15,16,22,29,31,40,43,45,52,55,57,59,73,75,79,80
115056320,1,6,9,14,17,19,25,27,33,37,38,45,53,54,62,64,68,75,77,80
115056321,8,9,10,15,24,27,28,31,37,38,39,47,49,58,59,61,69,71,73,77
115056322,6,12,21,23,26,27,35,41,44,46,48,50,51,54,57,59,60,61,68,78
115056323,1,6,12,16,20,24,25,32,33,35,42,43,49,61,65,68,71,72,75,77
115056324,7,12,22,30,33,34,35,36,44,45,49,51,55,56,60,63,66,68,74,79
115056325,7,11,12,13,20,21,23,26,27,28,35,39,41,45,46,60,64,72,76,77
115056326,4,10,12,13,14,15,16,21,36,44,49,59,63,64,66,70,72,74,75,80
115056327,1,2,5,8,9,13,14,15,20,28,30,38,39,40,43,55,57,58,60,63
115056328,2,8,9,12,18,24,28,30,32,34,35,38,39,40,42,48,60,68,72,76
115056329,8,13,20,22,27,33,38,40,45,52,53,57,60,62,64,68,69,71,72,77
115056330,4,8,22,26,30,34,37,39,42,51,53,55,57,62,68,69,70,72,74,80
115056331,5,6,8,12,15,21,22,23,25,28,34,39,41,43,50,51,54,55,70,72
115056332,4,7,9,15,17,27,37,39,40,41,42,45,47,48,51,55,58,66,76,80
115056333,4,8,10,12,13,25,26,27,33,35,36,39,46,51,52,61,64,66,67,69
115056334,1,3,5,13,14,20,24,25,35,44,47,48,50,52,58,59,61,65,68,70
115056335,2,6,11,28,29,30,31,35,37,38,45,46,49,54,62,64,71,73,74,77
115056336,2,13,15,19,20,22,29,30,32,35,37,38,45,47,50,66,75,77,78,80
115056337,5,6,9,14,19,38,40,41,42,44,46,50,51,56,59,61,62,68,69,73
115056338,1,4,10,16,25,28,35,41,42,43,44,48,49,50,55,63,64,66,71,77
115056339,5,8,11,12,14,18,29,34,38,41,44,48,49,55,60,63,64,76,77,79
115056340,1,2,3,8,15,16,17,20,25,29,31,41,47,51,57,59,63,66,68,73
115056341,5,10,14,21,23,25,26,27,32,34,41,48,49,53,59,64,65,70,77,80
115056342,2,5,13,15,20,22,28,31,35,49,51,54,58,61,66,67,68,69,70,76
115056343,1,2,4,5,6,15,17,18,19,22,25,26,28,29,44,48,62,69,79,80
115056344,8,9,10,17,21,26,27,31,36,38,41,42,46,55,56,63,67,71,75,76
115056345,5,6,7,11,12,14,22,30,37,38,40,52,57,60,64,68,71,72,73,74
115056346,1,4,7,16,20,22,26,28,33,35,38,47,48,54,58,62,64,70,71,75
115056347,7,11,16,18,21,29,32,37,43,47,48,49,51,52,59,65,67,68,76,79
115056348,3,5,8,11,18,19,31,32,34,42,43,44,45,48,51,60,61,75,76,77
115056349,5,7,9,11,19,24,33,35,38,47,48,56,59,60,66,67,70,72,73,75
115056350,6,7,12,16,17,18,21,22,24,25,34,37,46,49,58,62,64,65,72,73
115056351,1,10,19,23,26,28,33,34,35,36,37,41,43,45,55,72,73,75,77,78
115056352,2,6,9,12,15,17,21,29,31,33,39,41,47,49,51,52,53,54,63,70
115056353,3,7,8,13,30,43,47,48,49,50,51,53,54,57,59,62,64,65,70,76
115056354,3,6,8,11,16,19,22,26,29,35,37,42,45,50,51,54,57,58,61,68
115056355,4,8,14,17,23,24,26,33,34,35,46,49,53,54,66,67,70,71,74,79
115056356,5,9,12,28,29,30,31,35,36,38,39,40,43,47,54,61,62,69,74,76
115056357,3,11,12,29,31,34,35,41,44,45,46,48,53,54,55,61,67,70,73,79
115056358,3,4,7,14,15,18,21,22,24,25,26,34,40,45,47,52,54,62,69,73
115056359,1,14,15,17,20,28,32,40,46,48,50,59,61,65,67,71,72,73,77,79
115056360,2,5,8,9,15,27,28,34,39,41,44,46,54,55,56,60,62,69,73,78
115056361,6,9,14,17,24,25,31,38,39,47,49,54,56,62,64,66,68,75,76,77
115056362,7,10,18,19,30,32,33,35,41,42,43,46,47,51,52,53,60,65,69,79
115056363,4,5,8,10,12,13,16,18,26,29,34,38,44,48,55,57,60,64,71,80
115056364,5,8,27,32,36,37,39,40,46,47,49,51,53,57,59,61,63,66,68,74
115056365,2,3,12,13,24,32,33,35,36,39,49,51,62,65,66,69,70,74,75,76
115056366,2,3,5,13,25,26,32,34,41,42,43,49,50,51,53,60,68,71,73,78
115056367,3,4,7,12,16,21,23,31,34,36,39,42,49,53,54,61,64,72,74,78
115056368,2,3,4,7,9,12,15,19,30,31,40,42,43,44,47,56,61,67,75,77
115056369,3,4,7,8,9,11,14,21,32,33,45,47,48,55,61,65,67,70,72,79
115056370,4,17,19,25,32,35,36,40,41,44,48,50,52,54,60,64,67,69,76,79
115056371,1,2,6,10,14,16,21,22,33,34,36,42,44,48,49,55,59,63,69,80
115056372,3,18,20,23,26,33,34,35,38,50,51,60,64,65,69,70,71,72,73,74
115056373,2,3,4,5,6,12,17,18,22,34,36,37,38,43,46,57,74,76,78,80
115056374,6,11,13,24,32,34,37,38,39,40,47,49,51,52,54,56,58,74,76,79
115056375,3,6,7,16,21,32,34,35,37,42,44,46,47,48,63,70,72,74,76,78
115056376,1,3,6,7,12,19,24,28,29,33,37,44,46,50,56,57,58,70,75,80
115056377,5,8,9,13,15,19,20,26,31,33,39,44,48,51,52,56,61,64,75,76
115056378,3,12,15,18,22,23,29,33,37,40,42,43,44,49,50,57,62,75,76,78
115056379,5,6,8,10,14,18,20,21,24,27,32,33,42,54,58,63,73,76,79,80
115056380,3,19,21,22,27,28,35,39,45,48,49,58,66,70,72,75,76,78,79,80
115056381,2,4,8,16,18,23,29,31,36,37,40,43,57,63,64,65,71,72,73,76
115056382,3,8,9,10,16,18,24,25,29,32,45,50,57,58,61,62,66,67,71,72
115056383,3,5,13,17,18,22,23,31,32,41,44,53,54,58,63,67,72,77,78,79
115056384,4,5,8,22,24,30,31,35,38,40,41,44,50,51,54,62,66,68,69,79
115056385,2,3,10,23,26,28,30,35,39,41,45,47,50,55,58,59,61,69,74,80
115056386,1,2,12,15,20,23,26,29,37,38,42,52,58,60,67,69,72,73,75,78
115056387,1,2,9,10,11,14,15,34,38,39,46,48,54,57,58,66,68,72,75,76
115056388,3,4,5,14,17,19,21,25,32,35,37,42,43,50,51,54,58,73,74,75
115056389,4,7,12,17,20,22,26,27,31,32,33,36,44,45,46,60,62,66,68,80
115056390,6,11,16,17,21,26,27,28,32,33,35,36,41,52,57,58,64,65,76,79
115056391,6,7,8,11,17,21,28,34,35,40,49,53,56,58,59,63,71,74,75,76
115056392,3,8,10,13,14,16,20,23,24,28,51,58,62,63,65,71,73,74,79,80
115056393,6,7,13,15,16,21,34,35,38,40,43,44,46,48,49,52,54,60,70,74
115056394,4,7,8,12,19,24,30,39,40,45,46,48,50,51,54,55,56,62,74,78
115056395,2,4,9,13,14,26,28,29,38,41,42,44,51,56,57,62,65,66,76,80
115056396,5,10,15,20,26,27,31,38,41,42,43,44,46,51,52,57,58,59,66,72
115056397,4,19,21,22,30,34,40,42,44,50,52,55,57,59,60,65,69,70,71,79
115056398,4,13,14,15,17,18,20,39,50,51,52,60,64,65,67,69,72,73,77,80
115056399,2,5,12,14,16,18,20,28,35,42,47,53,55,59,65,67,74,75,77,80
115056400,3,6,7,11,13,15,18,27,33,35,38,43,45,46,48,50,54,61,67,79
115056401,5,6,8,13,17,18,20,25,33,35,40,41,49,50,68,69,72,73,75,79
115056402,10,11,15,17,19,26,28,31,34,40,57,58,64,68,69,75,76,77,78,80
115056403,2,5,8,11,15,24,27,29,30,33,34,38,40,46,49,51,58,59,64,67
115056404,5,7,9,10,26,29,31,33,35,39,41,46,53,54,56,60,62,69,73,77
115056405,4,5,12,16,18,19,20,24,28,34,36,38,46,55,56,58,67,69,73,74
115056406,1,3,4,5,9,10,11,13,16,38,40,55,56,57,62,65,66,74,78,80
115056407,7,9,11,15,16,18,28,29,30,31,45,50,53,56,57,60,62,66,69,73
115056408,1,3,5,7,11,24,28,29,36,46,49,60,64,66,68,69,71,73,77,80
115056409,3,5,11,17,18,19,21,31,36,37,43,45,47,52,57,58,70,74,75,78
115056410,7,18,20,24,28,29,30,31,37,41,56,58,61,64,65,66,74,76,77,79
115056411,4,6,7,13,17,21,27,31,35,39,41,42,45,53,62,63,66,71,75,78
115056412,4,7,8,15,18,25,28,30,36,40,42,43,47,51,53,65,67,70,71,76
115056413,14,17,18,20,23,29,30,33,34,36,43,52,61,66,67,68,73,75,79,80
115056414,1,7,18,25,30,32,33,34,39,44,46,50,52,53,55,56,69,73,79,80
115056415,5,12,17,21,22,23,31,39,46,48,52,58,59,67,68,71,72,74,76,77
115056416,1,2,4,11,12,15,16,21,23,24,30,32,35,37,53,58,65,70,78,79
115056417,1,4,12,15,25,29,33,43,44,52,54,57,60,64,68,70,75,76,78,80
115056418,3,6,14,17,18,21,24,26,40,41,42,45,51,61,63,66,71,72,75,78
115056419,10,11,18,19,21,28,32,33,34,36,39,40,44,53,54,55,65,67,70,77
115056420,1,3,19,20,21,25,28,31,35,36,40,48,56,57,60,65,68,69,77,79
115056421,2,8,9,11,13,14,21,22,24,33,39,40,43,58,74,75,76,78,79,80
115056422,2,14,17,18,23,26,29,32,35,43,44,47,58,60,62,70,74,76,79,80
115056423,6,12,13,16,22,23,25,36,46,47,50,51,60,61,62,64,65,67,68,75
115056424,5,8,10,18,23,25,27,29,32,38,39,40,46,49,50,51,68,72,78,80
115056425,2,7,14,18,21,23,26,30,37,38,40,48,50,53,54,58,59,66,70,72
115056426,1,2,4,11,13,18,20,24,25,27,28,31,35,40,47,51,53,55,57,65
115056427,5,7,9,10,17,18,25,33,36,39,43,51,56,59,66,74,76,77,78,80
115056428,6,10,11,13,14,16,19,33,34,38,49,55,57,58,61,62,65,71,72,80
115056429,4,11,12,13,28,31,32,36,40,45,50,53,56,60,61,67,70,73,78,79
115056430,3,6,7,12,16,19,33,38,44,45,57,58,59,62,69,70,73,77,78,79
115056431,4,9,10,14,17,20,28,29,34,42,43,47,52,58,60,65,68,70,76,77
115056432,3,4,7,10,15,26,30,34,51,52,54,55,58,60,62,71,73,74,75,77
115056433,4,5,7,9,13,22,35,38,42,43,47,48,49,67,71,74,77,78,79,80
115056434,7,9,12,13,15,21,28,30,37,39,41,50,51,53,55,60,62,63,66,72
115056435,3,8,9,11,14,17,18,21,23,32,37,39,53,57,61,71,73,74,75,78
115056436,4,9,12,15,21,27,31,35,40,55,56,60,61,62,66,70,73,76,77,80
115056437,3,4,6,7,9,12,15,21,28,36,37,41,47,49,50,53,73,74,76,78
115056438,3,5,14,17,23,28,30,31,38,43,44,48,51,58,59,60,62,66,72,79
115056439,3,4,5,6,15,20,23,26,28,35,37,38,49,53,65,66,69,74,75,80
115056440,5,6,8,14,16,21,23,25,26,32,36,39,41,49,54,61,66,69,72,73
115056441,2,5,7,14,15,16,18,21,36,43,44,46,51,53,57,63,70,72,73,79
115056442,2,3,7,9,16,27,29,33,34,38,50,53,59,64,65,68,72,74,76,77
115056443,2,5,8,9,10,25,26,27,31,36,37,41,44,49,51,56,63,65,75,79
115056444,1,2,5,6,10,20,21,34,38,40,51,54,58,59,62,67,68,74,75,77
115056445,1,4,10,15,18,24,29,35,36,37,41,48,51,58,61,64,66,67,76,80
115056446,3,4,6,13,27,28,31,33,35,39,43,57,58,68,71,72,73,75,79,80
115056447,3,9,18,21,23,28,29,38,39,41,43,47,49,55,57,58,62,66,71,72
115056448,1,3,4,5,11,12,16,20,23,25,30,36,40,48,52,56,57,62,71,80
115056449,8,12,13,17,18,19,21,23,28,32,37,42,49,51,61,63,65,66,69,78
115056450,1,7,11,14,16,20,23,26,40,44,46,53,57,61,67,68,72,73,79,80
115056451,4,5,8,14,15,22,31,32,39,40,43,48,50,53,56,64,66,69,71,80
115056452,2,7,11,21,24,28,30,38,39,40,41,42,47,59,60,61,63,71,72,78
115056453,1,14,19,22,24,30,32,46,48,50,55,58,59,67,72,75,77,78,79,80
115056454,1,8,13,17,23,25,30,35,37,39,40,43,44,47,49,52,58,60,68,73
115056455,10,17,20,21,23,24,29,30,39,40,41,43,44,45,47,48,54,60,66,77
115056456,4,6,12,17,20,21,22,40,43,44,51,52,55,57,59,60,61,72,75,80
115056457,8,10,12,13,20,21,23,28,29,42,47,49,51,52,60,62,64,69,73,80
115056458,1,4,6,12,15,17,20,25,30,37,39,40,43,49,51,55,62,72,73,78
115056459,3,8,18,19,22,23,24,25,27,28,32,35,42,45,46,47,50,55,59,70
115056460,2,3,5,17,22,29,38,39,43,47,54,55,56,58,60,61,63,65,66,77
115056461,1,8,11,13,15,19,20,22,29,31,33,42,48,49,53,54,66,68,77,80
115056462,2,9,13,20,21,23,25,27,32,39,40,41,42,46,50,52,59,65,71,76
115056463,6,13,15,16,17,18,22,27,28,30,31,32,39,42,50,54,55,59,62,73
115056464,3,8,9,15,16,19,24,30,31,32,35,38,39,41,44,45,55,66,73,76
115056465,13,15,16,18,20,22,27,40,42,45,48,51,53,57,65,75,76,77,78,79
115056466,4,7,9,19,21,24,25,27,29,35,45,48,50,52,55,59,65,66,75,80
115056467,5,7,10,12,18,32,36,39,44,45,47,49,50,53,54,58,66,68,71,78
115056468,3,5,13,17,19,27,29,39,40,41,47,50,55,57,68,70,71,72,75,76
115056469,3,4,9,10,16,21,23,29,34,40,48,49,50,51,61,63,74,75,76,78
115056470,7,10,11,18,19,20,21,24,30,36,39,41,47,50,51,52,53,69,71,80
115056471,4,5,6,11,16,30,37,46,47,50,52,54,57,62,65,67,71,72,77,78
115056472,3,15,16,18,22,27,29,32,34,38,40,41,48,57,67,68,72,77,79,80
115056473,1,8,10,11,14,17,20,23,28,29,36,37,45,46,47,51,53,56,74,77
115056474,1,2,4,14,25,26,28,35,37,38,43,51,53,54,58,67,68,69,71,78
115056475,3,9,10,12,13,14,18,21,26,31,42,44,61,62,64,68,71,74,75,78
115056476,10,14,16,20,22,25,26,27,40,44,47,48,56,59,65,66,67,68,78,79
115056477,2,8,9,10,13,14,15,21,22,30,47,49,52,60,61,64,65,67,70,74
115056478,11,13,14,15,16,20,23,24,26,27,34,37,40,42,44,59,66,68,72,78
115056479,2,5,7,8,9,16,22,24,30,41,44,46,49,50,52,53,55,57,59,74
115056480,2,8,16,20,25,31,35,40,41,56,59,61,65,67,72,73,75,77,79,80
115056481,2,9,11,14,19,20,22,25,30,32,33,34,37,43,57,60,68,71,74,75
115056482,9,12,13,17,20,23,30,36,44,48,51,54,56,59,62,71,74,75,76,80
115056483,1,3,4,7,17,24,38,42,48,50,55,58,59,60,61,65,73,77,78,79
115056484,7,9,12,15,18,22,37,40,41,45,49,50,52,56,60,62,64,68,69,78
115056485,2,12,16,17,21,30,32,34,41,47,54,56,58,61,65,67,71,77,78,79
115056486,4,8,15,19,22,23,31,33,37,38,42,45,50,52,53,54,57,65,73,75
115056487,1,8,11,15,16,17,25,26,28,34,35,37,45,51,52,64,67,68,73,78
115056488,1,2,7,8,9,11,12,23,27,29,30,44,46,48,60,61,62,69,72,75
115056489,1,3,7,12,14,15,16,17,22,24,28,30,43,45,52,55,56,67,73,75
115056490,2,12,16,17,22,23,29,30,32,36,37,38,41,42,43,44,49,52,56,69
115056491,8,9,12,15,18,25,28,40,42,46,48,56,58,60,63,66,73,74,75,79
115056492,3,4,13,17,29,35,38,39,40,46,52,53,54,56,57,59,61,68,71,79
115056493,6,11,13,14,18,19,20,23,24,26,27,35,39,46,53,54,61,65,68,74
115056494,3,5,19,23,25,27,28,36,37,38,43,44,46,54,58,59,65,67,78,79
115056495,3,8,12,16,17,25,29,31,32,44,47,49,50,51,52,60,67,70,73,74
115056496,4,7,8,11,12,14,21,25,27,35,38,47,51,53,54,59,62,66,71,80
115056497,3,4,8,10,12,14,28,30,35,39,42,47,55,57,58,59,61,65,69,79
115056498,1,2,7,13,14,21,26,29,30,31,36,38,39,48,56,58,72,74,75,80
115056499,8,12,16,19,21,26,29,35,43,53,54,56,59,62,65,69,70,72,79,80
115056500,2,7,11,13,17,18,19,20,21,25,29,31,34,38,40,44,60,62,65,68
115056501,2,5,6,10,12,18,21,25,28,35,40,44,47,48,49,56,60,61,70,76
115056502,1,5,8,13,19,24,25,31,39,43,50,53,59,61,64,68,71,72,74,78
115056503,3,5,6,8,16,17,21,25,31,42,45,50,51,53,57,59,62,64,73,76
115056504,1,3,8,16,18,22,24,29,32,35,36,38,42,45,46,50,52,56,58,64
115056505,2,7,12,15,17,18,23,24,33,36,43,44,50,58,60,63,70,71,72,76
115056506,5,10,15,16,23,26,27,31,36,38,40,44,49,52,60,62,72,74,76,77
115056507,4,5,6,12,15,20,26,29,32,34,36,38,42,44,46,51,53,69,72,77
115056508,17,21,30,32,35,36,37,42,45,52,53,56,59,62,63,64,69,75,78,80
115056509,1,2,6,8,14,18,20,21,31,32,33,39,48,51,59,65,70,73,74,80
115056510,1,2,7,9,13,18,19,22,28,29,33,35,36,49,59,65,71,77,79,80
115056511,5,9,11,14,16,18,20,23,27,29,33,34,40,49,50,51,54,58,65,73
115056512,1,7,8,13,21,23,33,34,36,37,38,47,53,61,63,69,73,74,75,80
115056513,4,6,7,15,17,19,24,26,29,33,37,54,56,61,62,66,69,77,78,80
115056514,1,5,10,12,17,20,21,40,41,48,56,57,62,63,64,65,68,70,72,79
115056515,2,3,4,7,9,26,29,36,37,40,43,44,47,52,53,60,61,64,73,80
115056516,1,7,10,18,19,23,24,25,28,33,35,39,48,54,55,59,61,63,74,78
115056517,5,13,28,29,31,35,37,41,44,46,48,60,61,63,65,66,67,69,70,74
115056518,10,11,16,17,18,27,29,35,38,42,43,46,49,52,54,56,59,64,66,73
115056519,6,11,20,21,27,28,34,37,39,40,41,44,48,55,57,59,60,61,64,76
115056520,3,17,18,20,25,27,28,30,42,50,54,55,56,58,60,61,65,68,71,72
115056521,3,5,6,13,15,17,24,30,34,35,39,42,43,46,47,52,53,58,69,77
115056522,2,7,8,11,14,16,18,24,29,33,38,51,55,56,59,62,68,69,76,78
115056523,7,10,11,14,15,25,26,27,30,45,50,54,55,64,65,70,71,73,76,78
115056524,5,7,9,11,12,17,18,28,38,51,56,57,58,59,60,66,68,70,71,75
115056525,10,12,13,14,19,21,23,24,38,44,46,48,54,56,58,59,63,69,72,80
115056526,1,3,4,8,12,13,14,21,23,33,40,42,45,51,56,66,67,71,76,79
115056527,4,7,9,18,29,34,37,40,44,47,48,51,55,57,58,59,63,67,70,73
115056528,8,10,12,14,15,19,20,24,25,36,41,47,48,49,55,59,60,64,67,73
115056529,3,8,9,11,17,19,27,28,30,33,36,39,45,52,53,62,63,69,76,78
115056530,2,7,15,16,17,20,24,26,27,28,31,39,47,51,56,59,60,68,75,80
115056531,2,3,11,16,19,27,28,31,32,34,36,42,43,46,51,57,60,65,78,80
115056532,6,7,8,9,14,20,22,25,28,35,37,43,54,55,56,64,72,73,78,79
115056533,11,13,15,21,24,31,33,38,39,42,43,44,47,51,63,64,65,68,70,76
115056534,8,10,12,16,25,27,28,31,36,38,39,40,42,46,47,50,51,63,71,78
115056535,1,3,4,11,12,15,17,19,22,24,38,39,43,51,54,57,65,66,74,77
115056536,6,7,10,14,17,28,40,41,44,47,49,50,57,58,60,62,64,66,68,74
115056537,8,11,15,16,20,27,28,30,40,45,46,47,65,66,67,71,73,74,78,79
115056538,4,5,11,12,15,25,31,32,33,44,49,50,59,63,68,69,72,74,77,78
115056539,1,4,9,12,15,18,21,26,28,35,38,40,43,48,51,61,62,65,69,72
115056540,4,5,6,10,17,30,33,34,35,39,42,52,57,61,67,71,74,75,77,78
115056541,2,14,23,29,31,39,43,44,45,47,50,51,55,58,65,66,68,70,76,79
115056542,4,13,22,27,28,30,33,36,38,41,51,54,59,66,67,68,69,73,78,80
115056543,2,12,16,26,31,33,38,41,45,48,53,54,59,61,63,64,73,74,76,77
115056544,1,18,23,24,25,27,31,32,35,36,45,46,54,56,58,61,65,68,74,76
115056545,1,3,7,8,13,21,24,27,29,39,43,47,50,51,56,59,63,67,75,79
115056546,13,14,17,19,20,25,30,31,37,39,44,46,51,55,57,61,65,67,70,78
115056547,7,8,13,26,28,29,30,36,39,40,43,48,52,56,57,59,63,69,74,76
115056548,2,7,12,14,21,25,29,34,35,40,45,50,52,54,55,60,63,65,69,76
115056549,4,7,11,13,14,17,18,22,24,29,36,39,45,50,52,54,61,68,74,75
115056550,2,8,20,23,29,30,32,35,36,43,46,50,51,53,54,61,65,71,74,75
115056551,1,8,12,15,16,18,22,23,35,36,39,47,48,52,55,59,64,75,77,78
115056552,1,3,5,8,11,16,24,25,33,34,44,46,49,51,55,57,63,67,69,77
115056553,1,3,4,8,10,15,22,26,35,39,43,46,49,53,56,61,68,73,78,80
115056554,1,6,14,18,19,20,21,22,33,37,40,43,44,50,52,54,57,65,70,78
115056555,4,7,10,13,15,16,22,24,30,32,33,37,38,45,47,49,52,53,63,66
115056556,5,16,20,24,28,34,39,42,46,47,48,50,52,54,55,59,61,68,74,78
115056557,15,22,25,28,31,38,44,47,48,51,52,53,63,65,66,67,68,69,71,76
115056558,6,8,9,13,15,17,19,25,29,34,40,41,42,51,52,57,59,63,74,75
115056559,1,6,9,15,17,23,27,31,40,48,57,58,62,65,70,74,75,76,78,80
115056560,5,9,11,18,25,30,32,38,39,43,50,51,53,54,63,64,68,69,70,77
115056561,1,2,9,14,17,20,25,29,33,34,37,42,46,49,59,62,63,69,73,77
115056562,2,4,5,11,14,24,28,30,40,45,52,53,57,61,62,63,64,66,73,80
115056563,8,10,13,21,22,24,26,28,30,33,34,36,38,52,58,66,71,72,78,79
115056564,2,13,14,17,20,23,26,33,34,43,47,50,51,52,58,59,63,77,78,80
115056565,2,3,12,15,18,19,21,28,37,48,49,50,54,55,58,66,67,70,74,79
115056566,1,2,5,20,21,22,23,26,27,37,43,47,49,54,58,60,67,70,77,78
115056567,5,6,14,16,18,23,25,30,45,47,49,50,53,54,57,63,67,75,78,79
115056568,2,4,9,11,16,18,22,23,36,37,42,48,50,51,52,57,58,65,68,79
115056569,2,10,13,14,19,21,23,27,28,29,38,45,50,54,55,60,61,70,72,76
115056570,4,5,6,9,11,15,21,23,29,37,39,45,54,56,61,64,75,76,79,80
115056571,6,7,9,14,23,34,37,40,41,42,50,56,57,58,60,64,73,74,75,80
115056572,1,10,13,21,22,25,28,30,31,35,36,48,50,51,52,55,61,66,74,76
115056573,5,13,14,21,27,28,41,46,49,50,52,53,55,61,63,64,67,71,72,76
115056574,1,4,7,9,17,18,22,24,35,42,48,49,50,52,56,67,69,70,73,79
115056575,4,6,13,26,28,29,33,46,47,49,51,53,60,62,63,67,72,76,78,79
115056576,5,16,24,28,30,36,44,46,50,52,57,58,61,64,68,71,73,75,77,78
115056577,2,12,18,19,22,25,29,31,32,34,40,42,44,52,61,63,72,74,76,79
115056578,1,11,13,27,30,34,35,36,39,41,45,55,56,59,62,66,67,69,75,79
115056579,1,5,6,11,13,15,17,19,20,22,24,53,54,56,66,67,68,74,75,79
115056580,1,5,6,7,10,22,25,33,34,36,37,44,59,61,65,67,71,73,79,80
115056581,1,13,14,15,22,25,26,29,32,35,37,43,46,49,59,65,70,71,72,77
115056582,1,4,6,18,23,33,34,42,45,47,49,51,53,56,59,61,69,73,76,80
115056583,2,6,15,16,22,31,32,33,34,37,43,46,50,51,52,59,62,70,78,80
115056584,5,14,16,17,27,42,47,48,50,51,52,56,59,62,63,66,67,69,73,74
115056585,4,5,7,9,11,16,25,30,32,35,36,37,43,49,66,72,73,74,75,79
115056586,1,4,7,11,20,22,27,29,30,35,42,46,47,57,62,63,65,67,76,78
115056587,4,6,14,24,26,27,34,35,38,40,41,42,49,58,59,70,72,74,75,76
115056588,8,11,22,24,26,31,32,38,47,48,51,59,63,67,69,73,75,78,79,80
115056589,9,14,23,44,47,48,49,52,56,57,58,62,64,69,70,73,75,77,78,79
115056590,1,5,8,19,27,32,34,36,38,39,43,47,50,57,58,60,61,67,74,76
115056591,4,14,15,16,19,27,35,37,43,61,62,63,64,69,70,71,72,73,78,80
115056592,1,5,9,11,13,16,22,24,25,27,28,33,35,51,53,55,62,64,69,78
115056593,2,3,5,10,14,20,23,24,25,26,29,32,34,39,42,43,44,52,55,59
115056594,8,9,11,33,36,38,39,42,43,45,50,52,53,54,61,62,64,67,79,80
115056595,5,6,9,13,16,18,21,27,36,40,42,45,54,55,65,68,69,73,75,77
115056596,4,5,10,21,22,28,29,33,34,35,39,40,48,58,60,62,70,74,75,79
115056597,1,3,6,10,23,27,30,31,33,39,40,47,49,54,58,60,61,73,74,77
115056598,1,6,8,11,14,22,27,32,33,37,42,44,48,50,52,54,57,64,69,76
115056599,6,8,9,15,27,28,30,36,38,39,40,43,51,53,54,59,65,74,77,78
115056600,7,8,14,24,27,30,32,40,41,48,51,54,57,59,61,66,71,72,75,80
115056601,1,4,6,9,13,15,18,21,22,31,41,46,53,54,56,60,67,71,72,78
115056602,3,5,19,20,22,26,28,30,37,41,45,47,48,51,53,62,64,72,75,79
115056603,2,4,10,11,14,23,24,28,30,40,41,42,43,56,68,71,72,74,76,78
115056604,1,3,9,12,13,20,23,24,27,36,37,43,51,53,58,61,64,65,66,77
115056605,2,6,7,16,19,24,25,38,39,41,46,53,57,67,69,71,73,75,77,79
115056606,1,3,4,9,10,11,17,22,23,29,30,32,37,46,55,60,66,69,72,77
115056607,9,12,13,17,23,30,33,38,39,43,44,46,48,53,55,58,64,68,70,79
115056608,8,16,19,28,35,37,38,41,43,44,46,48,49,51,57,61,62,73,75,77
115056609,4,10,11,12,13,15,23,29,31,33,34,37,39,46,50,55,58,59,66,78
115056610,3,10,17,28,43,46,51,52,54,55,56,60,63,66,67,72,73,74,76,78
115056611,4,8,16,19,22,25,26,36,38,40,47,49,50,51,52,54,57,59,61,66
115056612,7,8,15,21,27,28,32,33,35,37,39,43,46,48,52,57,62,67,71,78
115056613,6,8,13,18,25,26,28,30,32,33,34,46,48,49,56,58,72,74,76,78
115056614,1,5,7,15,20,23,24,25,28,33,35,37,49,62,64,65,70,76,77,79
115056615,2,3,7,11,17,28,29,33,38,39,53,54,57,58,69,71,74,76,77,80
115056616,4,15,18,22,24,25,30,32,34,37,41,48,53,56,59,67,71,72,78,80
115056617,1,2,17,18,23,27,38,39,44,50,52,54,58,60,62,68,69,74,77,79
115056618,12,13,20,23,24,26,30,33,37,41,52,55,56,57,59,65,71,72,75,79
115056619,5,6,9,13,17,21,24,29,33,34,42,46,57,59,62,68,73,74,77,78
115056620,1,2,3,16,37,42,44,47,48,50,54,56,61,62,66,67,69,72,73,74
115056621,2,7,8,14,17,20,29,32,38,43,48,51,54,55,58,68,71,74,76,78
115056622,1,5,7,10,13,16,23,24,26,30,35,38,40,53,55,56,60,70,71,78
115056623,2,10,12,13,16,25,29,42,45,57,58,60,61,62,66,68,70,73,74,75
115056624,1,4,5,9,10,17,19,21,30,34,35,36,37,39,42,43,56,65,71,77
115056625,7,10,14,21,23,24,29,33,37,39,42,44,48,50,51,58,62,63,65,75
115056626,3,20,21,22,23,29,30,31,36,39,41,46,48,50,54,65,68,69,70,78
115056627,2,6,10,14,23,26,37,41,43,44,47,48,52,55,57,65,67,70,73,79
115056628,3,10,14,20,31,44,46,48,49,54,57,60,62,63,64,65,69,71,74,80
115056629,2,3,10,11,18,19,20,25,31,32,35,36,45,51,52,55,70,73,76,79
115056630,1,6,7,13,15,16,22,28,31,36,41,44,48,54,56,65,69,71,76,79
115056631,8,11,17,19,20,21,34,35,41,46,47,50,51,52,59,60,68,71,73,77
115056632,2,5,6,13,18,27,28,31,32,46,49,54,55,59,60,66,68,72,75,79
115056633,5,6,8,14,19,20,29,32,33,38,45,47,53,56,63,64,65,69,70,72
115056634,9,10,11,12,14,15,22,25,26,30,32,39,40,45,49,50,58,69,73,76
115056635,3,14,15,17,20,21,22,24,25,26,27,35,41,43,47,53,54,60,65,76
115056636,2,6,14,21,24,29,30,37,44,47,48,49,55,62,64,68,70,71,76,77
115056637,6,16,21,22,28,33,40,50,51,52,53,54,56,58,61,62,72,73,77,79
115056638,1,4,7,9,10,15,16,28,32,35,39,41,42,46,57,58,65,68,74,76
115056639,1,3,6,7,9,23,31,32,36,42,47,49,50,51,52,56,72,75,76,78
115056640,4,9,20,21,22,27,32,33,36,37,45,47,48,49,57,59,63,64,72,73
115056641,5,8,13,26,27,28,30,31,33,36,42,53,57,59,70,72,75,78,79,80
115056642,1,3,7,16,20,27,33,39,44,52,56,59,61,63,64,66,67,73,74,77
115056643,1,2,3,6,7,8,11,14,21,26,27,29,33,38,39,40,48,66,76,80
115056644,1,11,12,13,15,21,22,28,31,33,36,40,46,48,54,55,57,61,64,74
115056645,6,7,8,9,12,14,20,29,32,34,37,42,43,45,56,61,64,70,71,79
115056646,2,3,8,12,16,17,26,28,29,30,34,36,39,40,49,51,59,76,78,80
115056647,5,10,15,16,22,23,33,34,38,44,45,47,51,55,63,66,71,77,79,80
115056648,4,7,10,15,16,20,23,32,38,41,46,53,55,56,58,59,65,67,76,80
115056649,19,20,22,24,27,29,31,45,47,51,57,58,63,65,67,70,71,72,76,80
115056650,3,7,14,19,22,31,37,39,52,57,58,59,60,63,66,69,71,72,74,80
115056651,2,6,16,30,33,34,36,39,41,46,47,50,56,57,60,62,65,72,73,76
115056652,4,5,13,18,21,22,24,26,29,31,37,43,46,56,57,63,65,66,70,79
115056653,1,6,7,11,13,22,26,27,30,39,40,43,49,50,51,54,60,71,74,79
115056654,8,14,15,27,31,40,43,45,46,47,48,55,57,59,64,67,69,72,73,78
115056655,4,9,13,14,15,16,21,26,31,34,39,41,45,52,55,58,65,70,78,79
115056656,3,5,8,10,11,15,19,20,24,26,27,29,33,40,60,65,70,71,72,79
115056657,1,4,11,14,16,19,21,23,24,29,32,37,38,40,52,54,59,60,69,72
115056658,4,8,9,11,21,34,37,42,46,47,49,50,55,57,59,62,67,68,75,76
115056659,6,7,11,40,41,43,47,52,55,57,59,61,63,68,70,71,72,73,74,77
115056660,6,8,9,19,22,23,26,29,31,33,35,38,39,44,49,53,56,57,60,79
115056661,1,12,14,20,21,31,33,35,38,40,41,45,47,51,53,57,61,68,77,80
115056662,1,2,5,10,14,15,22,23,30,32,38,39,48,49,51,65,72,74,76,77
115056663,8,15,20,26,28,32,33,35,38,47,49,54,59,60,62,65,68,76,78,79
115056664,2,8,10,13,23,26,29,32,34,40,44,46,47,49,53,54,63,68,73,77
115056665,8,16,17,20,24,35,38,49,51,52,54,57,58,59,61,65,72,75,77,78
115056666,1,5,7,8,11,26,27,28,36,37,42,43,50,56,58,62,65,66,69,78
115056667,5,7,15,18,22,25,26,27,29,36,46,47,48,50,54,59,67,72,77,80
115056668,10,14,16,20,26,27,31,32,37,39,45,49,50,58,60,61,62,65,68,74
115056669,8,11,14,16,20,25,28,30,33,34,43,47,49,52,53,60,64,70,72,77
115056670,4,5,14,26,28,36,38,50,52,53,56,57,58,62,63,66,69,72,75,77
115056671,2,4,10,15,21,26,27,33,36,37,44,46,48,57,58,61,63,65,66,69
115056672,3,4,10,21,23,28,30,39,42,43,46,50,60,61,65,68,73,74,78,80
115056673,10,11,13,21,22,23,28,40,44,45,46,48,57,62,64,65,67,69,73,76
115056674,7,11,15,16,21,22,37,41,42,43,47,48,49,52,54,60,64,65,75,78
115056675,1,11,13,16,17,18,20,21,25,27,29,34,37,48,53,73,74,75,76,79
115056676,11,12,13,16,17,27,28,29,41,50,51,56,57,63,65,72,73,75,77,80
115056677,2,8,9,14,16,18,20,32,36,42,51,52,57,58,59,64,65,67,68,73
115056678,1,7,19,22,26,30,32,33,46,47,54,68,69,70,71,73,74,78,79,80
115056679,3,13,18,21,22,23,26,28,32,39,47,48,50,53,59,63,66,67,69,76
115056680,2,6,7,8,9,14,15,16,19,26,29,38,55,60,61,72,73,76,78,79
115056681,3,4,10,14,15,17,23,24,32,34,40,41,42,54,55,58,66,72,74,75
115056682,5,6,9,11,13,34,35,36,37,42,44,49,52,56,59,60,65,70,71,72
115056683,11,14,18,19,21,27,31,33,34,36,41,43,51,53,54,56,66,70,75,80
115056684,9,16,19,26,29,30,31,37,40,41,44,46,49,59,61,64,69,72,74,78
115056685,5,7,12,13,14,16,17,20,22,25,27,30,45,47,54,55,62,68,71,77
115056686,1,5,6,12,17,22,26,27,35,36,46,47,53,54,55,61,64,65,66,73
115056687,11,12,17,19,25,27,28,37,39,44,45,46,48,55,58,60,64,65,72,75
115056688,1,6,7,8,13,14,16,23,32,34,41,45,53,56,59,65,67,76,77,80
115056689,7,9,10,14,16,19,20,22,32,38,41,48,50,56,57,59,60,65,68,69
115056690,7,10,11,15,17,19,20,25,27,29,30,32,44,46,47,56,64,75,78,79
115056691,4,9,10,11,12,16,20,21,23,24,25,33,41,48,54,57,70,73,74,80
115056692,2,3,9,14,15,17,18,19,24,26,27,48,54,58,60,64,71,72,74,75
115056693,5,6,9,14,17,19,21,23,26,33,42,43,45,49,60,63,64,68,75,77
115056694,6,10,11,12,17,18,21,25,27,34,35,42,45,47,56,59,60,63,65,80
115056695,4,7,10,11,14,16,23,28,33,36,38,45,46,48,53,54,55,65,69,80
115056696,13,18,26,32,33,36,39,40,43,44,48,57,61,62,63,65,67,75,76,80
115056697,12,18,25,31,33,41,43,44,49,50,51,53,56,57,59,62,68,70,75,76
115056698,1,13,15,20,21,22,27,36,39,40,49,54,56,58,60,61,63,65,70,76
115056699,7,10,15,19,20,23,24,25,26,28,30,45,48,51,54,55,60,67,75,76
115056700,9,11,13,16,19,21,22,24,33,38,42,43,44,45,53,66,71,75,77,78
115056701,8,10,11,12,16,17,27,28,38,39,41,43,52,54,58,59,63,64,72,75
115056702,1,2,3,12,17,19,22,23,29,30,34,36,37,38,49,50,55,56,58,78
115056703,3,7,8,10,15,19,24,27,30,37,48,49,52,53,60,62,67,70,72,73
115056704,2,4,5,10,13,16,24,29,34,35,42,48,58,67,68,71,73,77,78,80
115056705,3,4,9,12,16,17,19,24,27,35,36,39,50,51,53,55,61,67,69,76
115056706,3,5,10,14,17,19,20,22,29,30,32,34,39,47,48,50,51,63,65,80
115056707,3,5,11,12,14,18,20,24,25,28,41,43,48,56,58,59,71,74,77,78
115056708,2,3,6,8,10,15,16,37,47,49,53,54,60,61,65,66,69,70,71,78
115056709,1,4,11,15,16,17,26,35,40,45,46,48,49,50,57,67,72,74,77,80
115056710,3,5,7,10,11,13,18,22,31,34,39,41,44,45,48,50,54,58,60,69
115056711,11,16,17,22,24,32,33,34,43,44,47,51,53,55,56,58,59,60,64,73
115056712,8,11,14,24,26,27,29,35,38,39,42,47,51,60,61,65,67,70,71,75
115056713,1,8,14,16,18,28,35,39,49,51,52,53,62,63,64,67,68,69,76,80
115056714,2,4,10,15,16,21,23,30,33,34,38,40,45,46,55,61,64,67,72,75
115056715,11,16,23,28,30,31,33,35,38,49,50,51,57,58,61,70,71,72,73,74
115056716,2,5,9,15,18,22,23,24,29,35,36,39,47,50,54,63,65,74,75,76
115056717,3,4,9,11,12,15,18,19,27,28,32,34,35,45,52,58,60,71,76,79
115056718,8,16,20,28,41,45,49,50,52,53,55,58,68,70,72,73,75,76,78,79
115056719,13,20,21,22,23,24,25,28,35,36,42,48,49,51,52,65,75,76,78,79
115056720,4,8,11,16,20,21,23,29,37,41,44,54,55,56,60,61,64,69,71,72
115056721,7,9,17,35,40,42,45,49,50,51,56,58,62,64,65,67,69,72,73,78
115056722,1,2,12,14,18,24,25,27,32,33,47,52,56,58,60,61,66,68,69,78
115056723,3,5,11,12,18,23,24,33,36,37,38,45,48,51,58,59,64,67,73,78
115056724,1,12,13,17,25,29,30,42,43,46,47,49,50,52,53,56,61,62,69,77
115056725,6,7,9,20,23,25,37,45,46,47,48,50,51,54,55,57,58,70,78,79
115056726,1,6,13,15,17,30,37,42,46,58,59,61,62,67,68,72,73,74,76,80
115056727,2,7,13,16,22,24,25,26,30,33,34,41,46,49,55,57,70,71,72,76
115056728,5,6,8,11,14,19,27,32,37,39,40,41,44,51,55,56,59,60,67,78
115056729,5,6,14,15,20,23,25,26,43,46,57,59,62,63,66,68,70,73,77,78
115056730,1,2,4,6,7,10,16,22,25,30,33,40,43,44,46,56,61,66,76,80
115056731,5,12,14,22,28,29,32,34,35,38,42,47,53,59,60,61,65,68,71,76
115056732,2,6,7,8,11,14,16,17,20,29,30,36,40,45,46,51,60,66,70,71
115056733,9,11,12,18,22,25,29,32,37,38,39,40,44,49,53,57,60,61,72,79
115056734,3,7,9,10,11,13,23,24,36,40,47,50,57,59,67,69,70,72,76,77
115056735,1,14,16,17,20,23,24,33,35,38,43,51,52,53,55,74,75,76,77,80
115056736,1,5,6,7,15,18,19,22,23,25,27,36,50,66,67,70,72,74,75,76
115056737,2,3,6,7,17,21,31,32,38,49,51,55,58,59,60,61,66,68,74,75
115056738,3,5,9,12,15,18,20,27,28,31,34,35,36,43,45,46,50,64,68,79
115056739,1,2,6,9,13,14,15,22,32,37,45,50,54,57,63,72,75,77,78,79
115056740,4,8,11,12,19,21,23,27,28,29,34,36,44,53,60,67,70,72,74,75
115056741,3,6,9,13,14,19,24,25,26,32,33,34,35,38,41,43,60,66,69,76
115056742,10,16,18,19,21,25,31,36,40,49,52,53,58,59,61,62,69,71,72,79
115056743,2,19,20,27,29,31,32,35,38,39,42,45,47,60,61,63,67,74,75,80
115056744,11,15,18,20,21,23,24,31,40,42,45,46,50,53,57,58,60,62,66,74
115056745,2,12,20,24,28,29,36,40,41,42,47,50,63,67,68,69,72,74,78,80
115056746,5,6,10,11,18,21,22,29,31,35,36,40,47,54,64,67,70,71,73,76
115056747,2,5,11,12,27,28,30,36,41,46,47,48,52,55,62,64,71,73,76,80
115056748,5,10,18,20,22,23,24,30,34,38,39,47,50,51,68,69,73,76,77,78
115056749,2,8,15,18,20,22,26,27,30,33,41,42,50,52,53,68,72,74,75,80
115056750,1,6,15,21,26,27,30,36,40,41,46,48,50,51,56,64,67,71,73,80
115056751,1,8,21,29,31,32,34,35,37,38,47,48,51,58,64,66,71,73,76,79
115056752,5,6,10,12,19,20,21,29,30,31,35,36,46,47,50,53,66,68,70,74
115056753,3,7,14,15,18,22,24,37,40,41,43,44,45,58,59,60,63,67,68,71
115056754,6,8,9,10,12,15,19,21,25,36,39,50,51,52,57,59,63,69,76,79
115056755,2,4,10,16,20,25,26,29,41,44,47,52,53,55,59,65,66,70,74,78
115056756,2,5,7,9,12,22,24,26,28,35,36,40,43,44,48,69,70,73,77,80
115056757,8,10,18,19,23,25,27,33,36,44,45,49,52,62,65,71,73,74,77,79
115056758,2,4,7,13,14,15,20,21,22,23,27,28,30,31,40,42,51,52,54,65
115056759,3,11,12,13,15,17,19,24,28,33,41,45,49,50,51,52,58,62,63,65
115056760,17,18,21,24,25,36,38,40,43,44,46,48,52,53,57,60,65,69,73,76
115056761,5,16,26,28,32,40,45,49,55,58,59,61,63,65,66,67,68,70,75,76
115056762,2,4,5,7,16,17,18,20,22,24,27,38,39,43,54,58,62,64,67,79
115056763,4,5,11,13,16,24,31,33,49,59,60,64,65,66,68,70,72,73,77,78
115056764,3,6,9,11,23,28,29,38,41,43,45,46,50,60,64,70,71,73,74,79
115056765,11,16,17,21,22,23,28,31,35,40,41,58,59,62,63,64,67,73,76,79
115056766,1,7,13,16,19,21,26,35,39,41,46,47,56,61,67,69,71,76,77,80
115056767,8,9,11,12,21,22,23,35,38,41,43,45,46,47,61,62,66,67,75,79
115056768,5,6,8,15,17,19,22,33,38,39,40,43,52,61,65,66,70,72,77,80
115056769,3,4,7,8,11,12,14,15,21,27,40,43,48,52,53,56,71,75,79,80
115056770,2,4,5,6,11,13,15,21,23,26,28,37,45,49,57,58,63,75,76,77
115056771,1,3,5,27,28,30,38,46,47,49,58,65,67,69,70,71,72,74,77,79
115056772,2,4,6,9,13,18,20,22,30,33,41,42,46,49,54,55,57,69,72,78
115056773,8,10,11,12,21,22,26,31,32,43,47,48,60,61,66,70,72,77,78,80
115056774,5,6,15,16,26,27,29,30,42,44,47,49,54,58,64,69,73,75,77,79
115056775,10,13,15,18,20,26,32,38,39,40,42,44,54,57,59,62,65,71,75,76
115056776,1,3,11,14,20,22,23,24,35,36,41,46,51,53,62,65,69,72,73,74
115056777,5,6,10,17,20,24,25,27,28,40,42,45,57,58,66,67,69,70,71,72
115056778,14,16,28,32,40,41,42,44,46,47,61,63,66,68,70,74,75,78,79,80
115056779,6,13,19,25,31,32,34,36,42,43,45,47,51,52,58,67,71,72,74,80
115056780,7,22,25,26,29,32,33,34,39,40,44,45,49,50,58,63,66,74,77,78
115056781,5,9,11,15,20,22,24,25,27,35,38,41,42,45,46,48,57,68,69,79
115056782,1,8,9,10,11,18,19,20,21,31,36,41,43,45,46,50,55,56,62,63
115056783,5,8,13,15,18,29,36,38,39,45,48,49,52,54,69,73,74,76,79,80
115056784,1,2,3,12,29,36,49,53,56,59,60,62,63,67,69,73,74,76,77,80
115056785,1,4,9,13,14,19,20,22,25,26,29,45,47,53,60,62,66,67,77,79
115056786,5,8,16,22,27,35,37,38,45,49,52,53,54,57,64,65,71,72,74,77
115056787,2,4,5,12,13,14,15,22,23,26,30,34,39,42,45,55,58,64,73,77
115056788,4,7,9,17,18,23,25,31,33,40,42,48,60,63,65,70,72,78,79,80
115056789,1,2,19,22,25,26,29,33,38,41,44,50,54,57,60,61,64,73,74,78
115056790,6,7,8,15,22,23,25,26,31,34,36,37,44,46,48,49,59,63,72,75
115056791,1,3,8,9,10,19,22,24,27,28,30,48,51,53,57,59,61,65,71,75
115056792,1,7,13,14,15,28,29,44,45,49,50,52,58,59,65,67,68,69,73,78
115056793,2,9,11,20,24,27,28,29,35,36,40,45,50,53,59,62,71,74,76,78
115056794,1,5,7,10,19,30,31,36,44,52,56,57,58,59,60,64,65,71,75,78
115056795,1,6,7,17,20,29,31,32,33,42,43,44,54,57,59,69,71,77,78,80
115056796,9,19,23,30,31,33,43,44,45,48,49,50,53,56,62,63,68,71,73,74
115056797,1,3,7,12,15,29,34,35,36,51,53,58,66,67,71,72,74,76,77,78
115056798,7,8,10,12,16,17,24,26,27,29,30,34,37,47,58,60,61,66,70,74
115056799,2,6,7,18,19,26,28,33,39,40,45,48,52,57,60,63,65,69,73,78
115056800,1,8,9,14,16,19,20,32,35,43,51,53,54,55,56,60,64,71,75,80
115056801,2,7,8,23,24,26,37,39,41,47,49,52,54,56,57,60,63,69,76,80
115056802,3,4,12,20,21,23,26,27,28,33,34,38,43,44,60,65,66,69,71,79
115056803,3,6,9,11,12,14,15,18,19,22,25,26,37,45,52,56,60,63,71,77
115056804,1,4,5,8,15,16,20,24,25,35,41,43,44,46,60,64,69,77,78,79
115056805,2,3,9,15,23,26,27,28,30,31,33,34,45,49,50,51,57,60,75,78
115056806,1,8,12,14,18,20,22,25,26,30,36,38,39,40,45,61,67,74,77,80
115056807,3,6,10,13,16,17,19,21,23,26,30,32,37,43,44,49,54,60,68,74
115056808,1,10,17,26,27,29,36,37,42,45,48,50,52,58,60,65,72,76,79,80
115056809,5,11,13,20,22,26,36,41,43,44,47,50,52,54,57,60,61,64,69,73
115056810,1,5,7,10,11,12,18,20,23,31,34,35,39,49,54,60,61,62,67,71
115056811,4,7,15,17,18,36,43,45,47,48,51,52,58,60,62,64,68,69,72,78
115056812,7,9,15,17,18,19,23,27,31,32,34,36,43,51,62,66,67,68,78,79
115056813,1,4,7,16,17,20,25,26,30,32,34,37,41,45,48,51,53,55,59,67
115056814,10,12,16,17,18,25,37,38,39,40,44,45,50,53,54,57,59,61,63,69
115056815,6,10,13,16,23,25,29,31,33,37,38,40,51,53,54,56,59,61,71,77
115056816,3,4,7,8,16,20,24,27,34,36,37,45,48,50,59,66,68,73,74,76
115056817,4,5,8,11,15,23,29,39,40,46,50,53,54,58,61,65,66,71,78,79
115056818,3,5,7,12,16,19,24,26,28,44,48,50,53,59,62,71,74,76,79,80
115056819,2,8,13,14,15,17,18,19,26,37,38,43,46,47,58,60,62,63,66,70
115056820,3,9,10,13,20,25,28,30,37,45,46,51,56,62,63,64,73,74,77,78
115056821,4,7,13,19,26,28,29,31,34,35,38,39,49,53,60,69,71,75,78,79
115056822,8,14,16,19,25,26,27,29,34,41,43,49,50,61,65,67,70,74,75,76
115056823,8,9,14,20,21,23,27,35,36,37,43,49,51,58,63,68,74,75,78,80
115056824,3,9,11,12,17,21,22,24,26,36,40,41,52,58,60,65,66,70,76,77
115056825,13,24,25,27,28,29,31,35,38,41,50,51,52,54,55,72,75,76,77,78
115056826,3,4,8,11,14,18,21,23,36,38,49,52,55,58,60,62,75,76,77,80
115056827,8,13,14,18,20,22,25,28,38,39,45,47,48,53,55,56,57,63,65,70
115056828,1,2,8,10,14,20,21,27,29,32,36,39,47,55,62,64,65,67,70,72
115056829,3,6,10,11,15,16,23,25,29,31,45,51,52,55,60,62,63,64,72,80
115056830,3,4,5,6,10,11,13,22,28,30,32,40,47,60,66,67,74,75,79,80
115056831,2,4,12,14,17,24,28,42,45,49,52,57,58,59,60,64,65,69,74,79
115056832,2,4,11,13,18,19,20,22,25,34,36,38,42,44,49,50,55,61,71,79
115056833,2,4,7,8,13,16,18,28,37,45,47,49,50,51,55,56,59,64,66,76
115056834,1,9,16,17,20,23,27,30,32,38,42,44,51,52,55,56,67,72,77,80
115056835,3,4,15,20,22,23,34,39,42,47,48,51,54,62,63,68,74,76,77,80
115056836,1,2,15,16,25,29,32,36,39,40,42,44,46,51,52,53,63,66,74,78
115056837,2,9,10,17,19,20,21,22,24,25,31,32,34,46,49,52,57,67,75,80
115056838,2,3,8,9,11,30,37,38,39,42,44,49,52,53,59,60,64,65,76,80
115056839,7,8,10,15,20,23,27,37,39,40,60,61,63,66,69,71,73,74,77,80
115056840,3,11,15,17,21,22,23,24,29,36,39,48,49,51,59,60,71,72,76,80
115056841,2,3,5,9,15,19,21,28,29,32,33,34,35,44,46,56,59,64,77,80
115056842,1,4,8,10,15,32,33,35,39,42,52,58,59,62,63,65,66,69,75,76
115056843,3,8,9,11,12,20,24,27,28,32,35,42,44,46,53,63,67,72,74,78
115056844,9,13,17,20,23,24,25,29,35,43,62,66,67,68,69,71,74,77,79,80
115056845,1,6,8,11,12,27,29,31,38,40,42,46,49,51,52,64,68,69,71,73
115056846,5,7,8,16,19,20,26,27,28,32,39,45,48,50,53,65,67,68,71,72
115056847,4,10,12,23,24,27,32,33,38,41,44,47,49,51,52,61,68,71,75,78
115056848,3,14,22,26,27,28,29,40,41,46,49,50,53,60,63,68,69,70,75,77
115056849,1,5,7,11,15,19,21,25,26,31,32,33,39,55,57,58,64,66,67,73
115056850,2,4,8,9,12,13,15,19,34,36,38,41,47,51,52,56,62,68,72,73
115056851,10,16,19,23,26,28,32,34,36,41,43,46,48,49,58,60,61,64,70,74
115056852,3,8,12,13,16,19,25,39,40,41,44,47,48,51,52,61,62,66,73,77
115056853,1,3,6,15,19,24,26,33,37,38,50,53,54,56,64,66,69,70,71,72
115056854,1,6,7,15,16,23,31,33,41,43,44,46,56,58,61,67,72,73,74,79
115056855,1,16,18,19,21,27,29,30,31,37,40,42,43,45,51,60,73,74,75,79
115056856,4,5,6,12,14,24,27,33,34,36,37,38,49,55,63,65,68,71,72,73
115056857,1,5,7,15,20,23,38,44,46,49,52,58,59,60,61,63,67,69,74,78
115056858,1,3,9,16,25,33,44,47,51,55,56,57,59,61,65,67,68,70,71,72
115056859,2,6,13,19,27,32,35,41,43,44,50,53,54,57,59,63,67,70,71,73
115056860,8,10,15,23,26,27,30,35,38,43,48,51,55,56,58,62,69,72,75,80
115056861,9,10,21,23,29,32,35,36,52,53,54,55,58,59,61,64,65,66,67,76
115056862,1,4,5,9,19,24,27,31,35,38,39,43,55,56,61,64,66,68,72,78
115056863,2,6,8,14,21,25,33,35,38,47,48,49,50,55,56,59,66,69,70,74
115056864,1,7,16,19,22,27,34,35,39,46,49,50,51,52,65,69,71,72,75,79
115056865,1,4,5,9,20,23,29,36,37,38,39,41,42,43,44,49,53,62,67,78
115056866,4,5,6,7,9,19,32,35,36,38,41,43,48,52,54,60,61,71,72,75
115056867,1,13,18,22,29,32,37,39,40,42,49,50,58,62,64,68,71,73,74,77
115056868,6,18,19,25,31,34,35,39,44,47,48,49,56,61,63,68,69,75,78,80
115056869,7,9,14,23,25,26,27,28,39,40,46,48,55,56,58,66,70,72,77,80
115056870,4,8,11,13,18,22,29,32,35,37,47,51,59,61,63,67,71,77,78,80
115056871,2,4,8,10,22,24,29,31,33,35,41,45,50,52,57,61,62,67,72,77
115056872,3,5,15,19,21,34,37,40,41,43,44,47,48,51,53,62,63,65,74,80
115056873,1,3,6,7,16,25,26,27,29,32,33,43,46,47,49,55,57,60,61,68
115056874,3,8,12,17,20,23,25,28,34,35,49,50,55,59,70,71,73,74,76,79
115056875,7,10,11,15,18,20,21,25,32,39,42,44,46,47,49,60,61,70,78,80
115056876,3,7,9,16,23,27,28,29,35,43,46,49,54,58,59,70,72,73,74,77
115056877,4,5,7,10,11,17,18,23,25,27,36,44,47,49,57,62,66,71,74,76
115056878,4,8,9,10,12,13,15,23,26,29,32,46,48,51,57,58,60,67,73,78
115056879,5,10,12,15,21,22,28,33,36,42,46,52,54,56,58,69,70,71,76,77
115056880,1,3,4,12,19,23,28,34,39,42,44,49,52,56,61,63,67,68,71,78
115056881,1,9,10,21,24,26,32,35,42,44,49,53,61,65,68,71,72,76,77,78
115056882,5,7,9,16,17,22,24,25,26,27,36,45,47,51,56,60,69,73,74,77
115056883,3,14,16,22,31,38,39,45,47,51,53,58,59,60,62,64,68,73,77,78
115056884,4,12,16,33,34,40,41,42,46,47,49,53,55,59,61,62,69,70,72,75
115056885,3,21,25,28,29,42,43,44,45,50,52,56,58,59,60,63,67,69,70,80
115056886,10,15,24,25,26,27,28,29,30,42,43,45,46,49,53,57,59,61,73,79
115056887,1,12,14,19,22,32,35,37,38,44,45,48,49,50,51,62,63,71,73,77
115056888,7,14,15,17,23,24,29,30,37,38,44,55,57,61,62,65,66,70,71,76
115056889,2,5,8,11,14,19,27,33,39,46,47,48,55,58,61,62,63,73,77,78
115056890,4,6,12,19,23,24,26,33,37,41,43,47,49,54,55,62,63,72,76,77
115056891,6,10,12,17,24,29,33,45,48,53,55,60,61,63,64,68,69,73,77,79
115056892,6,10,11,24,25,27,30,38,39,41,43,48,55,56,58,59,66,71,72,79
115056893,3,4,22,24,26,31,36,38,41,42,43,46,49,51,58,61,70,73,75,78
115056894,1,3,4,8,18,26,27,29,34,39,41,44,59,60,63,64,69,72,78,79
115056895,2,3,7,17,19,22,27,29,33,36,41,43,44,46,52,56,62,63,69,79
115056896,5,6,7,9,23,26,28,29,32,38,39,45,46,51,52,54,57,69,73,78
115056897,1,4,5,6,14,26,28,35,36,48,54,55,58,62,65,68,69,75,76,78
115056898,6,13,19,21,22,25,28,34,38,40,41,45,46,49,50,57,68,77,78,80
115056899,5,8,9,13,20,27,35,38,39,40,43,44,48,52,57,62,64,67,69,75
115056900,8,11,13,15,18,19,22,27,30,33,35,41,45,54,56,59,64,65,73,78
115056901,5,6,9,19,25,28,29,32,34,37,40,44,47,48,49,50,66,70,77,79
115056902,1,2,5,12,14,16,25,40,42,45,55,56,59,67,69,70,74,75,78,79
115056903,3,4,6,17,18,19,24,27,32,41,42,44,47,49,59,64,70,77,78,79
115056904,2,7,16,18,22,25,28,29,52,54,57,60,64,66,71,73,74,75,78,79
115056905,1,9,11,12,15,19,20,29,32,35,39,45,47,48,49,54,67,68,73,75
115056906,10,11,15,18,20,22,26,30,35,39,41,46,47,51,53,55,64,69,72,76
115056907,1,3,4,7,8,10,22,26,29,44,47,50,55,57,64,67,70,71,73,75
115056908,4,5,9,12,22,23,25,30,31,35,36,41,43,52,63,65,70,71,77,79
115056909,1,2,6,7,13,19,25,27,29,40,43,47,50,54,58,62,68,75,76,80
115056910,4,6,33,36,38,39,40,41,43,44,46,48,49,60,61,62,63,77,78,80
115056911,3,5,13,22,27,28,29,33,36,42,44,46,49,51,59,65,66,67,68,75
115056912,1,6,10,12,16,32,33,34,35,38,43,46,50,54,58,65,66,67,68,69
115056913,2,4,6,17,20,21,22,25,29,30,36,42,43,57,59,67,68,71,76,80
115056914,10,11,17,18,21,24,27,29,34,40,45,52,54,58,59,61,67,69,71,73
115056915,3,6,12,14,20,21,23,24,25,31,38,39,40,41,46,59,60,63,64,66
115056916,6,9,10,13,15,28,30,31,44,50,55,56,64,68,69,70,74,76,77,78
115056917,1,3,6,9,10,13,15,19,31,40,42,59,61,66,68,69,75,76,78,79
115056918,6,9,11,13,14,15,17,18,24,37,38,43,44,45,46,52,58,63,69,79
115056919,2,3,5,7,15,21,22,24,31,35,40,45,50,58,60,65,69,70,76,80
115056920,4,15,22,28,31,35,38,40,42,45,54,60,62,64,67,72,73,78,79,80
115056921,1,4,7,10,14,20,37,41,42,44,46,47,48,50,57,61,69,71,78,80
115056922,8,14,21,22,25,28,33,34,41,48,53,54,57,61,62,67,68,72,73,74
115056923,3,4,11,13,18,21,27,32,37,41,43,45,51,52,54,56,62,65,71,75
115056924,3,5,8,9,14,21,23,32,40,43,57,59,61,62,64,65,70,71,74,79
115056925,2,9,10,14,17,19,21,25,29,36,45,47,54,59,61,63,65,68,74,75
115056926,3,5,15,19,21,28,30,32,35,36,37,38,40,43,47,54,64,73,74,77
115056927,7,11,12,13,20,21,22,26,28,33,34,35,45,46,51,59,60,61,63,66
115056928,7,9,10,13,15,18,19,27,28,33,37,46,47,48,50,58,59,64,65,71
115056929,1,9,10,13,16,20,21,22,29,42,43,46,49,52,54,58,69,73,76,80
115056930,1,2,3,11,12,19,20,26,35,38,41,44,45,47,48,49,51,55,64,79
115056931,1,3,4,5,6,10,15,16,17,19,27,29,30,32,51,55,57,63,74,75
115056932,2,3,7,10,11,12,15,22,23,25,28,31,33,51,53,59,64,74,76,78
115056933,1,2,5,9,11,21,22,32,35,38,44,46,50,51,57,66,70,74,75,77
115056934,5,7,17,23,26,28,39,42,48,49,50,51,59,63,64,66,67,68,70,77
115056935,5,8,23,27,36,40,42,46,52,57,59,60,61,62,65,70,72,74,75,79
115056936,6,14,18,21,23,28,29,40,41,42,43,45,50,51,60,61,63,66,70,74
115056937,4,6,14,16,22,24,26,28,30,33,37,38,39,40,66,68,71,72,73,76
115056938,9,14,18,20,21,33,40,42,47,49,53,54,56,58,60,64,65,73,79,80
115056939,7,8,13,14,27,32,35,36,38,48,50,54,55,58,60,61,65,67,74,77
115056940,4,5,10,11,13,18,27,31,34,36,40,52,54,56,61,63,67,71,74,77
115056941,3,4,5,6,12,22,30,31,33,34,35,38,39,46,50,56,58,70,71,74
115056942,17,19,21,22,26,29,31,35,37,39,41,47,50,53,55,56,57,59,65,71
115056943,2,4,5,7,22,24,26,28,34,39,41,45,47,49,53,54,63,72,77,79
115056944,1,2,14,15,17,24,25,27,28,29,34,36,43,44,49,50,56,72,78,80
115056945,1,10,12,14,15,22,25,33,42,46,49,52,53,56,60,64,70,72,73,80
115056946,3,7,10,12,26,28,30,32,33,36,45,47,50,54,55,63,64,67,75,76
115056947,1,3,5,12,14,17,18,21,24,26,35,47,49,58,59,60,69,72,74,79
115056948,3,4,13,14,18,23,25,30,37,40,44,47,57,65,67,68,73,74,77,79
115056949,2,10,11,18,19,21,22,24,27,29,35,43,47,69,70,72,73,74,75,80
115056950,1,2,8,11,12,23,24,25,26,27,28,31,37,44,52,53,55,62,70,79
115056951,5,7,11,21,22,24,25,32,35,40,41,47,49,53,58,64,65,67,73,79
115056952,2,7,10,17,18,25,37,39,49,51,52,62,66,67,68,69,73,75,77,79
115056953,2,3,9,14,16,19,27,28,29,30,33,38,43,48,50,59,66,68,69,71
115056954,3,6,15,18,19,25,29,33,34,35,37,40,46,47,62,66,67,68,73,77
115056955,1,10,16,20,24,27,32,39,42,46,53,59,60,68,70,71,73,74,77,79
115056956,3,8,14,16,17,22,27,29,34,40,42,43,49,52,54,57,63,64,67,78
115056957,2,3,4,5,17,18,22,27,28,32,36,52,54,56,63,67,68,71,75,76
115056958,5,12,14,16,18,21,25,33,40,41,42,47,51,53,62,65,69,70,71,78
115056959,3,11,17,21,27,32,35,37,38,39,43,44,48,49,50,52,55,76,77,79
115056960,5,7,9,17,22,28,34,39,43,50,51,54,55,60,62,65,71,73,75,77
115056961,10,11,13,18,31,32,36,38,40,43,46,48,52,63,66,67,71,75,76,77
115056962,1,2,7,12,14,19,26,30,32,35,43,56,59,65,66,68,70,73,74,80
115056963,5,9,17,20,21,25,27,29,34,43,44,49,51,53,54,59,63,64,69,73
115056964,4,8,13,15,34,36,38,44,45,47,51,54,56,58,63,64,65,69,72,79
115056965,3,4,6,9,13,14,17,19,35,36,38,42,46,48,49,59,60,65,73,75
115056966,11,20,23,25,26,34,42,43,44,51,55,60,62,64,65,66,68,72,73,75
115056967,3,8,11,28,34,39,40,42,43,46,50,51,52,54,63,68,70,71,73,76
115056968,2,7,8,9,12,35,40,42,46,51,52,60,61,62,66,69,70,72,73,78
115056969,2,5,11,14,15,18,21,23,26,31,33,39,46,50,67,72,73,77,78,80
115056970,3,14,18,23,24,26,29,32,33,35,38,39,44,51,52,53,58,59,61,74
115056971,1,4,7,19,22,25,32,37,38,39,42,47,51,52,55,58,59,71,73,80
115056972,2,3,8,9,16,24,31,37,39,44,45,49,52,58,63,66,68,71,76,80
115056973,4,6,8,14,18,22,24,28,30,36,38,40,42,49,58,64,67,71,73,79
115056974,5,8,9,17,19,24,26,30,32,34,37,50,54,58,63,67,68,74,78,80
115056975,2,5,9,10,26,36,38,40,41,42,45,46,56,60,62,65,70,72,73,80
115056976,3,8,9,10,13,20,22,27,28,31,34,38,39,57,62,74,75,76,79,80
115056977,3,4,5,6,8,15,23,29,30,39,46,48,50,54,56,58,63,73,74,79
115056978,6,9,15,19,26,33,34,40,45,50,53,57,61,64,70,71,72,76,78,80
115056979,1,3,6,11,19,21,26,28,30,32,41,53,54,56,59,61,67,70,72,76
115056980,4,6,11,13,15,17,21,32,34,40,41,44,46,48,50,53,60,64,68,71
115056981,1,3,7,10,11,16,18,25,35,37,50,53,61,65,68,69,72,73,74,75
115056982,1,15,17,18,19,29,31,32,33,39,41,47,48,51,53,54,57,63,64,73
115056983,1,10,15,16,22,24,29,30,33,36,37,39,48,53,55,61,67,72,77,80
115056984,4,8,9,16,17,18,21,28,35,37,41,42,46,48,53,55,57,66,73,78
115056985,2,3,8,10,11,12,17,20,27,37,40,43,58,60,65,67,68,72,74,80
115056986,18,22,24,28,29,30,31,33,42,44,49,53,61,63,64,65,67,70,72,78
115056987,2,4,7,12,15,16,20,22,23,24,28,48,54,59,61,62,65,72,77,80
115056988,3,8,10,12,14,17,18,20,28,29,38,40,44,54,56,62,66,68,72,75
115056989,1,9,12,17,19,27,39,42,45,55,56,59,62,64,66,67,68,71,77,80
115056990,5,7,9,19,21,33,42,47,51,57,58,61,63,67,68,69,70,71,76,78
115056991,4,6,11,14,34,40,41,42,43,48,49,57,60,63,65,67,69,73,74,80
115056992,1,3,4,8,10,17,20,21,35,36,39,46,55,58,62,64,69,70,78,80
115056993,7,11,20,21,24,26,27,28,31,39,41,47,57,61,64,67,74,75,76,80
115056994,2,3,4,8,10,19,22,26,30,31,34,36,38,41,44,53,56,58,71,79
115056995,5,19,22,27,28,42,43,44,51,52,53,54,55,64,68,70,71,72,76,77
115056996,9,10,11,12,15,17,19,34,39,41,43,46,50,52,61,62,64,69,74,79
115056997,6,8,11,13,16,17,26,37,44,45,50,52,57,60,63,66,67,69,70,76
115056998,8,9,15,17,18,21,27,29,38,39,42,44,46,50,54,61,67,72,73,78
115056999,3,4,12,20,21,26,27,32,35,41,45,47,49,50,53,54,57,64,71,80
115057000,1,4,6,8,9,10,11,18,20,33,37,38,44,51,58,62,64,70,74,80
115057001,3,4,6,10,12,21,22,24,29,32,38,39,40,42,47,48,49,52,72,73
115057002,4,7,10,21,22,23,27,32,33,39,44,46,48,49,51,55,58,63,67,79
115057003,4,6,7,10,13,19,22,23,25,38,45,46,50,52,63,64,65,70,77,80
115057004,1,5,8,10,13,22,23,25,32,39,54,56,58,60,62,67,68,69,70,75
115057005,5,9,12,16,19,23,31,34,35,44,47,51,56,59,60,63,65,66,73,75
115057006,3,10,12,17,18,20,22,26,30,31,38,40,41,43,48,52,55,57,74,77
115057007,8,13,15,19,20,21,22,24,42,47,49,51,53,55,56,58,59,60,75,79
115057008,3,4,12,13,15,25,26,28,33,36,38,42,44,48,57,58,60,63,65,74
115057009,4,7,11,16,20,22,33,35,37,39,42,43,47,50,51,55,59,65,74,76
115057010,2,3,9,17,22,23,28,29,37,40,46,51,52,56,63,76,77,78,79,80
115057011,1,2,9,15,16,17,20,32,35,37,48,50,51,52,53,60,71,72,75,76
115057012,3,5,6,9,11,13,20,21,25,30,31,45,48,51,59,60,67,69,78,80
115057013,2,15,16,17,19,24,26,37,40,41,51,54,58,61,66,69,71,73,74,79
115057014,1,7,8,14,19,27,28,29,30,31,34,38,47,51,52,55,71,74,75,80
115057015,1,2,3,4,23,28,36,42,43,47,50,52,56,57,59,62,63,74,75,80
115057016,5,7,24,33,40,43,46,49,52,62,63,66,68,69,70,71,72,74,75,76
115057017,3,8,13,19,21,26,28,29,30,32,34,36,42,44,52,58,59,60,70,74
115057018,1,5,7,9,10,18,20,29,30,31,35,41,52,53,54,55,60,61,68,80
115057019,3,7,20,21,22,27,30,34,35,37,38,49,50,55,59,71,72,73,75,79
115057020,2,5,7,9,21,31,32,39,44,46,53,58,63,67,68,71,73,74,76,79
115057021,1,6,8,11,24,28,32,33,34,38,40,44,47,52,54,58,64,71,76,80
115057022,6,19,20,21,24,28,33,39,44,45,47,53,54,56,59,60,61,69,73,80
115057023,3,4,6,7,17,21,28,29,30,33,36,46,47,54,56,64,65,66,75,79
115057024,10,11,12,13,15,16,17,18,24,25,29,32,40,41,43,50,59,61,63,78
115057025,4,9,12,14,17,18,23,25,29,30,34,44,45,52,58,61,75,76,77,79
115057026,1,13,14,19,25,26,27,30,31,33,40,48,49,55,56,59,62,68,72,75
115057027,5,7,8,11,12,24,25,26,27,28,31,44,55,60,61,65,70,71,72,77
115057028,9,10,16,30,34,37,42,44,45,46,47,54,55,56,68,71,72,73,74,76
115057029,11,15,19,20,21,29,34,35,37,38,44,50,51,52,54,56,72,76,77,78
115057030,12,17,23,25,35,36,37,43,45,48,52,55,58,60,64,66,70,71,72,73
115057031,4,11,13,14,17,22,23,25,30,31,32,49,57,61,65,68,70,76,77,80
115057032,1,5,8,14,17,23,24,26,29,33,39,43,45,51,55,58,61,70,72,76
115057033,9,10,21,23,27,30,31,39,40,43,50,51,57,59,62,64,69,72,73,78
115057034,5,6,13,15,16,23,27,31,36,37,38,43,58,60,63,70,77,78,79,80
115057035,3,4,5,10,24,27,31,34,39,41,42,45,51,52,58,59,60,72,73,74
115057036,6,9,11,24,26,27,29,35,38,41,44,54,63,64,65,67,68,69,73,76
115057037,2,10,16,17,20,25,30,31,33,37,39,41,43,47,52,53,60,61,63,67
115057038,3,6,11,15,16,17,21,22,23,25,33,34,36,41,42,56,57,61,69,74
115057039,1,3,5,12,14,16,23,26,28,47,52,53,63,66,70,71,74,75,77,78
115057040,8,11,12,13,16,21,26,27,29,32,36,38,39,42,46,48,52,57,63,65
115057041,15,19,20,21,24,29,30,32,34,35,38,40,43,52,55,61,64,65,71,72
115057042,1,3,8,14,15,27,30,33,38,39,40,45,47,48,53,65,75,78,79,80
115057043,7,8,14,16,18,19,23,24,41,50,52,59,60,61,63,72,74,75,77,80
115057044,5,7,11,18,25,31,33,34,36,40,51,56,57,65,66,68,70,74,75,78
115057045,3,4,5,6,7,8,21,26,39,40,44,46,49,52,53,54,56,64,76,79
115057046,4,8,15,20,22,25,28,29,30,33,35,39,42,46,48,50,56,62,75,80
115057047,2,3,4,8,13,21,24,26,35,37,39,50,51,57,58,63,64,74,75,76
115057048,3,5,6,8,9,10,20,21,38,42,43,45,46,49,57,60,62,64,68,69
115057049,12,18,19,20,23,25,26,28,31,32,43,49,50,56,57,60,73,75,76,79
115057050,5,10,12,15,19,20,23,27,28,36,42,46,55,56,60,63,67,69,70,75
115057051,1,6,13,17,18,19,28,33,34,38,41,50,52,53,58,62,64,65,73,79
115057052,1,2,5,9,15,16,18,20,25,28,34,37,49,51,55,65,68,69,73,80
115057053,1,5,6,10,15,23,24,26,27,32,38,40,44,46,47,62,65,67,71,75
115057054,6,9,10,13,14,15,17,26,29,32,34,36,51,52,61,64,70,71,73,78
115057055,1,4,6,12,19,26,30,31,33,36,39,47,49,50,56,57,60,63,68,70
115057056,2,3,7,19,20,30,31,33,36,42,46,47,49,57,59,64,70,71,72,78
115057057,2,4,8,14,18,22,26,39,40,43,54,57,64,66,67,69,73,74,75,76
115057058,4,5,6,12,13,14,23,28,32,36,38,40,47,48,49,60,63,67,70,80
115057059,1,2,12,29,36,37,40,41,42,43,48,50,59,66,69,74,75,76,79,80
115057060,2,6,7,12,13,22,24,29,33,34,38,45,47,49,51,55,59,60,62,69
115057061,1,3,6,7,8,9,11,14,16,20,21,27,39,41,42,49,56,58,60,77
115057062,2,3,5,10,26,28,29,37,38,46,49,50,52,54,56,60,63,71,74,78
115057063,1,7,11,12,17,22,23,25,30,31,51,58,59,60,62,64,66,67,70,78
115057064,11,14,15,19,23,25,34,37,42,43,44,46,55,63,65,70,72,74,75,80
115057065,4,6,11,24,25,26,31,32,35,41,44,47,50,61,62,63,68,69,71,77
115057066,1,6,7,11,15,17,18,29,32,35,38,46,54,56,60,62,63,65,72,80
115057067,2,7,8,14,15,22,27,31,32,41,43,45,53,56,60,64,65,70,76,80
115057068,2,6,11,21,22,30,32,35,37,39,40,42,43,60,62,67,69,70,72,80
115057069,1,3,4,19,21,26,31,34,35,45,47,50,56,60,63,67,71,72,75,79
115057070,1,7,11,19,28,38,41,44,46,52,53,54,57,58,60,64,66,69,74,77
115057071,2,3,7,18,22,26,27,28,41,42,44,48,49,59,60,63,64,65,69,79
115057072,2,4,5,7,10,11,14,16,17,22,24,32,41,56,57,59,64,76,77,78
115057073,1,2,11,14,24,26,27,30,32,37,49,52,55,61,66,68,73,74,78,79
115057074,4,5,6,14,22,23,30,32,38,42,46,55,63,66,68,70,73,75,79,80
115057075,7,10,18,24,25,26,27,29,37,41,42,43,45,49,56,66,71,72,73,75
115057076,1,5,8,10,11,12,23,26,30,32,37,39,40,41,48,52,59,64,68,76
115057077,1,8,9,11,14,19,20,26,27,37,51,60,61,63,64,66,69,74,77,80
115057078,8,9,12,15,20,29,32,34,40,46,49,59,62,67,69,70,71,72,76,78
115057079,1,3,7,15,16,23,28,31,33,36,41,44,45,57,58,60,64,70,72,73
115057080,2,3,6,10,13,21,32,34,38,39,42,48,49,52,57,70,72,74,75,80
115057081,1,4,7,9,15,18,23,24,27,32,41,42,43,51,52,62,65,68,75,76
115057082,4,5,7,8,9,10,12,15,18,23,28,29,30,41,43,48,53,64,66,77
115057083,7,9,12,17,19,22,24,29,32,37,40,44,51,59,60,69,70,77,78,79
115057084,2,17,26,28,31,35,37,38,39,40,45,48,54,57,58,60,61,66,77,79
115057085,2,6,7,8,11,15,25,31,38,39,50,57,60,67,70,74,75,78,79,80
115057086,4,9,13,17,19,21,23,32,36,37,38,40,44,47,50,51,58,66,73,74
115057087,3,14,16,23,24,27,28,29,31,39,47,49,51,59,63,64,65,70,77,80
115057088,1,8,30,32,35,36,39,40,41,48,51,52,54,57,66,67,69,72,73,79
115057089,5,11,15,17,19,22,24,26,31,37,39,50,51,52,57,58,60,67,68,69
115057090,2,11,12,15,16,21,23,45,47,49,50,54,55,60,63,64,65,75,77,80
115057091,4,6,11,14,19,21,22,24,29,48,50,53,58,60,62,67,72,73,74,79
115057092,3,8,18,23,24,32,36,37,40,48,53,54,56,61,63,64,67,68,76,77
115057093,1,3,4,5,19,20,28,31,32,34,35,43,45,48,61,64,69,74,78,79
115057094,4,12,14,15,21,24,25,26,31,41,49,50,57,62,64,69,75,78,79,80
115057095,1,4,9,12,19,21,33,35,43,45,48,49,55,62,64,69,72,75,77,79
115057096,1,3,6,13,14,16,18,19,20,22,27,30,33,35,43,64,68,71,78,79
115057097,5,6,16,24,29,32,33,35,44,45,48,49,58,59,61,64,69,75,78,79
115057098,1,2,10,11,19,22,24,29,31,42,46,56,57,58,60,61,64,72,73,75
115057099,1,2,4,6,11,13,26,43,44,45,49,53,56,58,62,66,68,69,71,72
115057100,3,8,13,14,16,18,20,23,33,34,40,54,55,60,66,70,71,72,73,75
115057101,2,3,7,9,10,16,17,18,21,28,33,52,53,55,57,60,69,72,74,79
115057102,9,12,14,21,31,33,35,38,39,46,50,60,62,64,65,67,68,71,74,75
115057103,1,3,4,8,13,14,16,17,19,21,22,38,41,44,46,52,53,54,57,61
115057104,7,12,15,21,23,27,32,39,41,42,49,50,52,53,62,68,69,73,75,80
115057105,3,4,14,15,16,17,18,19,21,32,53,56,57,58,68,70,72,73,76,79
115057106,6,13,15,22,23,31,34,36,40,48,53,54,61,66,67,69,71,72,74,76
115057107,3,5,19,22,26,28,31,32,33,34,41,43,45,47,58,64,65,66,69,78
115057108,6,7,11,17,18,19,22,23,26,27,29,36,38,49,54,61,65,72,76,77
115057109,7,15,17,26,28,32,37,38,41,43,44,51,59,62,66,67,68,73,74,75
115057110,6,7,10,13,14,16,22,25,26,31,34,39,41,46,60,61,68,72,73,74
115057111,11,13,27,31,32,42,44,46,47,49,50,51,56,58,59,62,66,72,73,76
115057112,1,6,12,15,24,35,37,39,40,41,42,47,49,57,60,65,74,75,77,80
115057113,6,12,14,17,22,24,25,37,38,42,47,50,55,57,63,65,68,73,75,80
115057114,2,4,6,9,11,17,20,26,28,31,33,36,38,40,45,46,47,49,57,72
115057115,6,9,11,18,21,22,23,28,37,38,40,45,48,51,53,63,65,70,76,80
115057116,2,4,6,7,14,17,27,33,35,36,39,40,51,53,55,58,60,66,69,73
115057117,8,10,18,26,28,32,34,39,44,51,54,58,59,61,71,72,76,77,78,79
115057118,2,13,19,23,24,26,28,37,39,42,51,52,53,56,62,63,65,66,71,72
115057119,2,10,13,16,18,20,22,23,27,32,37,47,53,58,61,63,66,74,75,80
115057120,1,5,10,12,15,16,19,22,27,28,31,36,47,49,57,60,62,68,75,80
115057121,16,19,20,21,25,32,35,41,42,43,46,47,54,55,60,62,71,74,76,77
115057122,3,7,12,14,16,18,19,20,22,29,37,38,41,46,48,50,52,54,74,76
115057123,7,8,10,12,16,22,23,31,44,46,49,51,53,63,65,67,68,76,77,80
115057124,1,3,18,19,21,24,26,31,34,36,37,39,58,59,64,67,70,74,77,80
115057125,1,4,8,26,29,35,40,42,43,46,56,58,63,66,68,69,72,73,75,80
115057126,2,5,9,14,17,20,22,23,36,37,52,53,55,58,63,64,70,71,72,77
115057127,3,12,13,19,27,28,29,30,35,43,45,51,57,58,60,70,72,76,77,78
115057128,2,12,15,16,29,30,32,42,43,45,46,47,51,54,56,57,58,59,60,78
115057129,2,8,13,16,17,18,24,32,34,38,49,56,59,62,64,70,73,76,77,80
115057130,1,4,7,13,14,21,23,29,33,34,35,39,40,56,57,63,71,75,77,78
115057131,10,11,12,16,17,20,23,24,27,30,35,38,43,47,66,70,71,75,76,80
115057132,2,4,5,8,9,10,11,13,15,18,24,30,45,47,56,60,67,72,75,79
115057133,3,7,8,9,13,16,20,24,25,27,32,35,42,51,53,60,65,71,73,76
115057134,1,3,5,10,17,20,23,24,34,39,44,48,51,54,56,58,66,71,77,79
115057135,1,3,12,16,21,23,30,31,32,38,51,58,60,62,63,67,68,70,75,80
115057136,1,7,9,11,22,31,32,34,36,40,41,45,48,50,53,55,58,63,65,69
115057137,1,5,12,15,20,22,29,31,41,43,51,57,63,65,66,67,72,74,75,77
115057138,6,12,17,18,22,27,29,30,32,35,43,46,48,49,55,57,61,71,72,77
115057139,3,5,13,16,17,22,24,31,35,40,42,44,45,52,57,60,63,64,68,70
115057140,2,5,7,9,10,33,35,36,41,47,48,51,53,56,57,61,67,68,71,75
115057141,3,6,9,14,16,17,20,24,30,31,34,38,39,41,49,55,56,57,59,69
115057142,1,5,6,9,12,21,23,24,25,29,32,44,53,56,59,61,66,68,78,79
115057143,2,5,6,8,11,14,17,20,21,25,29,32,50,53,54,61,69,73,79,80
115057144,3,5,9,12,14,15,18,28,29,36,42,44,48,50,52,63,69,73,74,78
115057145,4,8,9,21,22,26,29,31,35,39,43,44,51,55,60,66,70,71,73,80
115057146,1,7,17,19,24,38,39,44,47,48,50,55,56,58,60,67,69,71,74,77
115057147,1,2,8,12,13,14,15,20,21,27,30,40,41,53,56,63,70,73,77,78
115057148,1,5,7,17,27,35,36,41,43,45,56,59,61,62,63,65,67,70,71,80
115057149,3,8,9,11,16,19,22,28,29,34,36,37,42,50,53,59,63,65,77,80
115057150,1,11,12,16,17,19,24,26,29,36,37,53,54,62,66,69,74,75,78,79
115057151,3,5,6,10,13,15,17,23,26,28,34,39,49,50,60,61,71,74,76,80
115057152,6,21,24,26,33,34,38,40,41,45,52,57,60,62,65,66,72,73,74,78
115057153,4,6,13,14,16,18,20,26,35,36,41,45,50,53,56,62,66,68,74,78
115057154,2,10,14,15,23,24,25,35,40,44,49,50,55,59,62,68,70,71,79,80
115057155,7,8,9,10,12,15,17,35,36,39,40,47,48,51,52,54,56,61,65,73
115057156,4,7,8,12,16,18,19,28,30,32,35,37,53,56,57,62,67,68,74,78
115057157,8,16,17,20,21,24,25,31,33,36,41,47,51,53,62,66,69,71,73,74
115057158,6,7,9,10,11,13,16,17,18,21,25,29,32,35,52,54,70,72,73,74
115057159,3,5,8,9,17,18,20,23,25,33,37,41,42,49,59,60,64,69,70,77
115057160,3,6,14,15,16,23,31,35,43,44,46,53,56,57,60,61,68,73,75,77
115057161,2,5,7,11,18,27,28,31,35,39,44,46,48,49,55,56,62,75,76,79
115057162,5,6,10,16,19,21,22,26,36,40,42,44,49,55,62,64,69,73,75,80
115057163,1,4,12,16,18,21,37,38,39,47,48,49,52,57,59,60,64,67,77,80
115057164,1,2,9,11,12,15,17,20,26,29,30,33,38,48,59,60,62,69,76,78
115057165,11,12,14,25,29,31,35,36,38,40,45,46,47,52,57,58,59,64,72,79
115057166,8,9,11,12,13,15,22,31,33,41,43,45,49,51,55,66,67,68,69,77
115057167,2,5,9,16,19,26,27,28,30,45,46,56,58,64,67,74,75,76,79,80
115057168,2,6,8,9,10,11,13,16,17,18,19,24,36,41,42,53,55,76,77,79
115057169,2,3,7,11,15,25,29,32,33,35,36,41,52,56,58,62,65,71,74,78
115057170,1,2,3,6,9,21,24,26,28,38,39,42,45,52,54,63,65,66,68,70
115057171,2,9,15,16,17,22,25,32,33,34,37,38,39,45,50,66,70,71,72,76
115057172,3,4,5,14,21,22,27,28,35,36,39,40,42,46,49,55,68,70,73,80
115057173,3,5,7,12,13,19,24,29,32,35,44,45,48,56,62,63,64,72,73,76
115057174,1,5,8,12,15,24,26,29,32,33,34,35,36,43,55,57,61,64,73,79
115057175,4,9,18,21,34,42,45,47,48,51,54,57,58,60,63,72,73,75,78,80
115057176,5,10,11,15,17,20,24,25,44,47,48,49,51,58,64,65,66,68,73,79
115057177,6,9,10,15,16,32,35,37,38,43,46,48,50,52,62,63,67,70,72,75
115057178,2,7,8,12,14,19,21,27,32,38,40,42,53,54,63,66,67,68,71,80
115057179,2,5,6,12,15,16,19,20,38,41,51,58,59,63,67,69,70,71,72,74
115057180,5,6,12,13,15,16,17,23,32,43,46,51,53,55,60,63,65,72,79,80
115057181,2,3,12,17,24,25,26,27,36,38,40,43,44,51,52,56,57,60,71,74
115057182,2,3,4,6,8,28,30,32,34,35,41,44,51,52,54,57,59,60,63,77
115057183,1,4,11,13,15,18,19,20,27,34,36,43,59,60,62,68,71,77,78,80
115057184,2,5,27,30,32,34,35,47,51,54,56,57,62,63,64,65,69,73,76,79
115057185,6,13,14,19,31,34,35,42,43,50,52,56,58,60,63,64,69,73,74,79
115057186,1,6,9,18,34,36,39,40,45,46,49,52,59,60,63,65,71,72,73,74
115057187,2,4,5,6,15,20,29,30,32,40,43,49,53,54,56,57,59,68,79,80
115057188,13,20,25,26,30,36,38,39,47,49,50,52,54,57,59,64,67,69,70,73
115057189,1,2,3,4,7,9,11,13,18,27,28,30,31,36,44,45,57,61,62,79
115057190,2,6,7,12,14,16,20,21,22,26,28,38,43,48,50,56,66,73,75,78
115057191,2,7,9,12,13,15,16,27,28,29,39,42,50,51,58,62,68,77,78,79
115057192,2,8,10,14,15,16,18,25,29,34,35,36,39,41,48,51,53,60,63,77
115057193,3,5,7,13,15,16,17,18,32,33,35,36,45,47,53,54,61,71,74,80
115057194,1,15,16,26,28,29,32,34,35,43,46,48,49,51,52,63,65,66,71,72
115057195,8,12,16,18,22,27,29,31,45,47,54,56,57,59,61,62,69,73,74,80
115057196,3,5,9,10,12,23,24,27,33,35,36,37,44,50,51,52,57,59,74,79
115057197,4,12,14,15,18,26,27,34,36,40,44,46,48,53,61,63,66,75,77,78
115057198,4,5,12,13,15,18,21,24,28,33,39,46,47,48,54,57,58,60,63,65
115057199,2,3,6,12,14,18,21,22,23,25,29,35,51,52,56,60,68,72,75,76
115057200,2,3,5,10,11,20,21,25,37,43,45,46,48,55,61,64,67,68,69,80
115057201,4,6,10,11,16,18,21,23,24,25,32,34,35,44,50,53,64,71,74,78
115057202,6,8,9,10,16,23,24,25,37,43,45,50,55,61,63,65,74,76,78,80
115057203,1,2,8,11,12,16,17,38,42,45,47,53,58,59,67,68,69,72,73,77
115057204,2,12,17,21,26,31,33,35,36,44,49,54,56,59,60,61,66,70,72,75
115057205,1,4,5,6,15,20,21,26,34,35,38,42,50,55,56,60,63,67,73,77
115057206,2,3,8,16,19,23,25,26,28,29,31,42,46,49,50,54,71,73,78,79
115057207,1,3,17,20,25,29,43,44,48,49,53,56,57,62,66,69,70,72,74,76
115057208,1,6,21,26,27,29,37,49,54,55,56,60,61,63,67,70,75,76,77,78
115057209,2,4,6,8,11,13,16,18,24,27,29,35,42,50,51,60,62,70,73,76
115057210,2,5,6,8,9,10,14,20,25,27,29,32,43,48,51,60,63,68,73,80
115057211,1,4,9,14,19,28,36,39,42,44,45,51,57,64,67,72,75,76,77,79
115057212,6,19,20,21,26,33,36,38,40,42,43,48,58,60,62,63,70,73,76,79
115057213,1,15,22,26,28,31,33,36,38,40,46,48,50,52,54,55,68,73,78,80
115057214,1,4,8,12,13,15,17,18,19,21,32,42,43,48,51,54,57,60,72,74
115057215,2,3,9,12,13,20,27,29,30,32,33,38,42,46,49,54,62,67,68,71
115057216,1,3,6,7,19,22,39,47,48,49,50,56,61,62,64,69,71,72,78,80
115057217,5,10,12,16,22,27,30,33,35,42,44,48,56,57,58,64,65,72,75,77
115057218,4,7,9,10,15,19,29,31,37,39,40,46,48,49,54,57,61,62,64,71
115057219,4,16,18,25,29,32,43,48,54,56,58,59,63,64,65,66,67,68,72,74
115057220,1,7,21,23,26,28,31,35,38,39,41,46,48,49,52,63,66,67,74,75
115057221,2,4,5,7,12,22,28,29,35,36,39,42,46,56,63,64,65,71,76,80
115057222,5,14,15,17,32,36,39,40,42,47,53,57,59,65,66,73,74,76,77,80
115057223,14,15,16,23,26,27,30,33,38,42,48,52,55,56,59,64,71,74,79,80
115057224,7,9,11,14,16,19,28,29,30,32,33,48,49,52,53,54,59,60,69,80
115057225,5,7,12,15,23,24,34,35,36,38,39,46,55,57,58,59,60,62,64,76
115057226,3,12,14,16,22,23,33,34,35,37,39,40,41,46,53,57,63,65,67,78
115057227,6,12,13,15,16,18,28,36,42,45,48,53,56,58,63,64,66,68,75,77
115057228,4,9,10,13,15,19,21,33,37,45,47,52,53,55,56,57,68,70,71,77
115057229,2,5,12,13,17,20,24,27,39,40,43,51,53,54,57,59,70,76,77,80
115057230,1,3,12,13,14,24,27,37,39,47,48,51,52,55,58,64,71,75,79,80
115057231,2,3,12,16,22,25,28,30,32,41,42,44,48,49,50,55,68,73,75,76
115057232,1,2,5,8,24,26,28,29,33,34,45,52,56,62,65,68,70,71,75,79
115057233,2,8,11,14,17,23,26,32,33,46,48,51,53,54,59,62,63,67,69,79
115057234,8,15,17,23,24,35,36,38,39,41,43,44,52,58,59,63,64,73,76,78
115057235,2,4,15,18,25,30,34,42,44,45,48,52,58,62,65,69,70,72,74,78
115057236,2,6,8,12,16,19,20,29,30,31,33,34,37,42,46,47,49,55,56,62
115057237,2,3,6,11,26,28,37,39,42,46,47,55,57,61,62,64,72,73,77,80
115057238,4,6,8,9,10,18,20,27,31,32,38,41,43,55,57,60,64,65,66,76
115057239,1,5,10,13,24,26,29,31,32,33,41,43,45,49,53,60,61,62,63,64
115057240,8,9,12,18,24,26,35,37,40,43,44,47,53,54,55,59,64,67,73,74
115057241,1,4,8,16,21,23,28,29,31,33,34,36,41,44,50,62,65,66,76,78
115057242,1,9,10,11,12,15,22,23,24,32,33,34,37,39,42,50,53,59,65,67
115057243,1,4,5,6,11,18,19,23,25,29,30,37,45,46,51,58,62,63,67,73
115057244,2,9,12,20,22,23,24,25,27,31,35,40,49,52,53,54,58,60,64,80
115057245,5,7,12,13,14,15,21,23,24,29,35,43,51,53,56,64,68,73,76,80
115057246,5,7,9,12,21,27,30,35,36,42,45,48,52,57,60,61,71,72,78,80
115057247,4,6,10,15,18,19,28,29,33,36,37,38,39,49,56,57,58,59,77,78
115057248,3,4,8,11,19,23,33,34,35,42,43,44,47,48,57,58,59,68,75,78
115057249,2,3,8,15,19,20,24,33,47,48,55,57,59,60,61,68,72,74,76,77
115057250,4,8,15,21,22,23,25,27,28,35,37,38,48,50,51,53,61,71,76,80
115057251,5,7,12,20,28,34,41,42,43,44,45,46,49,58,59,63,64,72,74,80
115057252,1,4,10,12,17,18,21,22,23,24,28,34,51,52,59,60,70,71,74,79
115057253,2,8,9,15,25,26,27,31,36,39,42,43,56,61,66,68,73,76,78,80
115057254,1,6,8,9,14,21,22,25,29,30,34,35,43,45,52,56,60,65,72,76
115057255,2,5,11,15,16,22,26,27,29,33,42,46,47,51,61,66,70,75,77,78
115057256,8,9,16,17,26,27,32,33,36,40,44,45,46,56,59,60,65,71,75,80
115057257,2,5,8,9,10,21,23,24,25,26,31,34,37,43,47,50,63,65,66,73
115057258,3,10,12,14,17,20,27,34,43,45,52,53,58,65,66,68,69,70,71,76
115057259,3,7,9,12,15,20,21,24,30,31,37,45,52,58,60,65,69,72,74,80
115057260,8,12,17,24,25,26,34,35,40,43,44,45,53,59,67,68,71,72,73,75
115057261,6,7,12,15,16,26,28,34,38,42,46,55,59,61,64,65,68,69,73,79
115057262,1,2,7,13,16,29,34,45,49,50,53,56,58,60,67,69,71,72,76,78
115057263,3,6,9,12,17,23,27,28,30,36,48,50,52,55,56,63,66,68,69,77
115057264,2,4,7,13,17,18,19,23,25,29,33,41,52,55,56,62,64,65,69,70
115057265,4,5,7,9,10,11,14,16,17,23,29,31,32,44,53,63,68,75,76,79
115057266,15,20,25,34,35,39,44,50,61,63,64,65,66,70,72,73,75,76,77,80
115057267,2,3,6,8,11,17,20,22,26,35,37,59,62,63,68,69,76,78,79,80
115057268,2,4,5,10,13,14,26,34,36,38,39,40,42,45,60,62,64,66,67,79
115057269,8,13,14,17,22,26,27,32,34,39,41,46,50,54,56,61,69,73,74,78
115057270,3,5,9,11,14,25,26,28,29,32,36,39,41,42,44,48,52,57,64,73
115057271,1,7,10,11,20,23,28,29,30,38,43,45,50,56,58,62,66,68,69,73
115057272,2,15,16,18,22,30,36,38,40,42,56,57,58,61,63,66,74,75,77,79
115057273,1,2,6,10,13,16,17,26,31,32,38,44,48,56,58,62,64,67,75,79
115057274,7,14,16,18,20,23,25,28,29,33,34,45,46,57,58,62,63,66,68,73
115057275,5,11,12,17,18,19,21,23,25,30,34,35,41,44,46,48,56,62,72,77
115057276,12,13,14,16,21,22,28,31,33,38,46,47,54,55,56,58,59,61,63,73
115057277,4,15,18,19,21,27,30,31,33,36,39,40,51,56,62,64,65,69,73,78
115057278,2,4,5,7,8,11,15,37,48,56,59,60,62,64,65,69,73,74,76,79
115057279,3,8,13,18,19,21,23,25,26,32,34,35,42,48,50,54,61,63,71,74
115057280,2,10,13,14,16,21,23,25,30,32,34,36,53,56,59,70,74,75,78,80
115057281,9,11,16,20,28,31,33,34,35,40,44,48,49,53,57,60,71,75,77,79
115057282,1,7,9,13,17,26,32,34,35,38,41,42,43,44,49,59,72,75,77,80
115057283,6,10,15,17,27,29,31,38,41,48,49,53,54,55,65,69,74,75,77,79
115057284,2,5,7,11,14,16,18,29,31,35,44,54,61,64,71,73,74,77,78,79
115057285,1,7,12,24,28,33,37,41,46,48,52,54,56,63,67,71,73,75,76,80
115057286,10,14,16,17,18,20,23,27,31,41,44,54,59,62,64,68,70,72,76,78
115057287,1,2,3,9,13,18,22,28,30,34,37,38,45,47,50,56,64,67,70,79
115057288,4,6,7,18,27,28,33,35,37,38,42,44,48,49,52,53,58,67,71,79
115057289,2,3,6,9,29,34,35,36,40,42,43,48,53,54,55,58,59,72,74,77
115057290,7,11,15,16,21,22,26,27,40,53,60,64,65,66,67,69,70,71,73,76
115057291,1,2,3,11,15,17,19,26,40,43,47,51,53,54,56,61,64,69,74,77
115057292,8,9,17,19,21,24,27,28,31,37,38,43,48,60,61,65,73,76,78,79
115057293,5,8,16,25,30,31,37,39,42,45,47,49,56,59,60,65,68,69,72,74
115057294,3,4,14,17,18,22,32,36,41,42,44,47,48,52,57,68,70,71,73,77
115057295,4,5,11,21,25,32,33,42,43,48,51,56,57,58,61,66,67,74,79,80
115057296,6,7,9,16,25,28,30,33,37,40,48,53,55,57,61,62,63,68,71,76
115057297,5,7,14,15,16,18,23,24,42,46,49,51,53,61,66,71,73,74,75,79
115057298,8,10,13,22,28,29,34,39,40,41,42,49,51,52,54,55,63,66,77,78
115057299,2,8,14,15,19,20,23,24,32,35,36,49,53,56,58,69,70,71,74,80
115057300,5,6,9,18,23,27,33,36,38,40,42,44,46,47,49,66,73,75,79,80
115057301,1,7,8,13,15,17,23,28,29,30,31,41,42,44,47,50,51,54,70,77
115057302,17,22,28,31,37,38,41,45,54,55,56,62,64,65,69,75,77,78,79,80
115057303,2,3,9,11,12,15,16,17,21,23,31,35,47,54,57,58,59,67,72,75
115057304,3,7,11,19,21,23,24,25,34,38,47,50,54,57,62,68,73,76,77,79
115057305,5,23,24,29,30,32,33,51,58,59,61,66,67,69,70,71,75,76,77,80
115057306,9,12,16,17,24,25,26,29,38,39,44,45,48,49,56,58,60,61,62,69
115057307,2,5,12,15,35,36,37,38,41,46,48,53,55,56,59,61,63,64,68,73
115057308,4,9,11,12,28,30,33,37,42,46,47,48,49,50,56,59,62,66,71,74
115057309,1,17,22,26,27,28,29,32,34,35,36,39,42,51,61,65,66,74,75,80
115057310,1,4,6,7,8,21,23,29,48,49,52,53,54,57,60,61,65,75,76,80
115057311,7,10,25,34,35,37,40,41,42,43,44,49,51,54,58,63,73,76,78,80
115057312,2,8,14,16,20,25,29,35,39,43,44,45,47,49,52,53,60,62,68,78
115057313,4,5,7,10,11,19,28,29,33,34,40,42,46,53,55,63,64,69,72,79
115057314,2,10,17,19,28,29,36,39,44,46,48,49,57,58,60,66,67,68,75,80
115057315,1,3,6,9,10,11,13,17,21,22,23,29,38,41,47,51,60,72,76,80
115057316,1,2,4,7,9,11,12,15,23,25,33,41,52,53,56,67,68,72,75,79
115057317,3,4,5,6,11,12,26,27,29,32,35,43,49,53,62,64,65,68,69,77
115057318,4,6,13,20,22,25,29,33,35,36,42,49,54,56,57,58,62,69,73,78
115057319,1,8,10,11,12,14,15,16,17,23,25,28,30,37,42,43,52,64,69,72
115057320,1,5,6,10,13,16,22,27,28,29,36,39,45,48,51,54,63,71,75,77
115057321,2,15,23,26,28,29,35,45,49,50,53,56,58,64,70,72,73,75,77,80
115057322,5,14,16,18,20,24,25,35,40,42,46,48,52,53,62,67,73,74,79,80
115057323,6,9,11,12,16,17,29,31,33,34,47,50,54,60,70,71,74,75,77,79
115057324,9,14,17,18,20,26,27,29,38,42,43,44,47,52,57,60,64,66,72,79
115057325,3,10,11,14,17,24,26,27,32,35,40,41,45,58,66,69,70,74,77,79
115057326,1,3,4,10,12,35,39,40,43,52,55,56,60,62,67,68,76,77,78,79
115057327,2,5,9,11,12,25,26,39,40,43,45,47,52,65,66,67,69,73,75,76
115057328,1,4,5,8,12,14,19,27,28,29,36,40,47,48,52,63,69,72,73,80
115057329,6,10,12,22,25,26,34,35,39,42,48,50,54,56,57,59,65,67,75,76
115057330,5,6,8,9,12,14,19,27,29,30,36,38,39,41,46,49,53,56,74,77
115057331,2,6,13,14,18,19,21,23,29,41,48,50,55,58,61,69,71,73,74,76
115057332,2,4,10,12,25,30,36,37,40,44,45,47,53,60,61,67,72,73,76,79
115057333,3,6,7,14,15,22,23,24,33,39,42,44,55,62,63,69,75,77,78,79
115057334,7,9,23,24,26,29,30,33,37,38,43,47,51,54,56,62,68,71,72,73
115057335,2,6,20,26,27,28,33,35,38,41,42,49,52,55,58,65,71,74,77,79
115057336,3,6,9,12,18,19,29,38,39,40,51,52,58,60,61,64,71,73,76,77
115057337,1,8,12,18,22,23,24,25,28,32,40,53,56,67,72,73,74,76,79,80
115057338,2,4,7,10,14,18,25,26,31,33,35,37,51,55,57,62,63,68,72,73
115057339,6,11,12,14,18,20,24,25,34,42,46,53,56,57,59,63,73,75,76,78
115057340,1,6,7,16,17,18,25,34,35,38,44,48,51,53,56,68,69,74,76,77
115057341,1,2,4,5,7,15,21,24,26,27,35,44,45,47,50,53,54,56,63,76
115057342,4,11,13,14,20,21,28,38,40,41,43,52,53,54,59,62,74,75,76,79
115057343,3,5,6,8,9,12,18,19,20,22,26,29,30,50,53,61,62,67,79,80
115057344,6,12,14,28,30,33,34,35,37,39,42,47,53,60,62,69,74,75,78,79
115057345,2,6,10,11,14,15,24,26,27,43,46,49,51,59,61,63,66,69,70,75
115057346,1,8,11,15,17,19,22,27,30,32,33,34,38,39,45,47,67,71,77,80
115057347,9,15,19,22,27,29,43,48,49,50,52,54,56,62,63,64,69,70,73,80
115057348,2,4,5,12,16,23,24,29,37,38,42,43,59,65,68,70,71,73,76,78
115057349,3,6,8,17,20,21,29,30,32,34,43,44,51,53,55,58,66,68,74,78
115057350,8,12,16,19,34,39,40,45,50,55,58,60,64,67,68,72,73,75,77,80
115057351,7,10,12,15,19,21,24,34,35,42,49,51,52,54,57,62,63,64,70,72
115057352,2,5,8,9,21,28,36,38,43,46,50,51,56,59,62,66,68,74,77,78
115057353,3,7,16,20,27,32,41,46,48,51,52,55,59,60,61,67,70,74,78,79
115057354,7,22,23,24,26,27,28,29,30,31,32,37,39,52,55,57,63,68,78,80
115057355,1,3,12,15,16,24,34,46,48,53,54,58,65,70,72,73,75,76,77,78
115057356,2,6,12,19,20,28,29,32,43,45,48,49,56,61,62,64,68,70,74,79
115057357,6,9,10,11,20,22,24,25,26,28,34,37,41,42,45,48,56,58,61,70
